case,altitude,year,demand,units_required,entering_service,retiring,active,capacity,utilization,ordered,development_cost,capex,labor_cost,unobtanium_kg,consumables_cost,deployed_material_cost,opex,total_cost
0,15000.0,2028,0.0,0,0,0,0,0.0,,0,200000000.0,0.0,0.0,0.0,0.0,0.0,0.0,200000000.0
0,15000.0,2029,0.0,0,0,0,0,0.0,,0,200000000.0,0.0,0.0,0.0,0.0,0.0,0.0,200000000.0
0,15000.0,2030,0.0,0,0,0,0,0.0,,0,200000000.0,0.0,0.0,0.0,0.0,0.0,0.0,200000000.0
0,15000.0,2031,0.0,0,0,0,0,0.0,,0,200000000.0,0.0,0.0,0.0,0.0,0.0,0.0,200000000.0
0,15000.0,2032,0.0,0,0,0,0,0.0,,0,200000000.0,0.0,0.0,0.0,0.0,0.0,0.0,200000000.0
0,15000.0,2033,0.0,0,0,0,0,0.0,,1,0.0,50000000.0,0.0,0.0,0.0,0.0,0.0,50000000.0
0,15000.0,2034,0.0,0,0,0,0,0.0,,0,0.0,50000000.0,0.0,0.0,0.0,0.0,0.0,50000000.0
0,15000.0,2035,400000000.0,1,1,0,1,1000000000.0,0.4,1,0.0,50000000.0,500000.0,15000.0,15000000.0,80000000.0,95500000.0,145500000.0
0,15000.0,2036,800000000.0,1,0,0,1,1000000000.0,0.8,0,0.0,50000000.0,500000.0,15000.0,15000000.0,160000000.0,175500000.0,225500000.0
0,15000.0,2037,1200000000.0,2,1,0,2,2000000000.0,0.6,0,0.0,0.0,1000000.0,30000.0,30000000.0,240000000.0,271000000.0,271000000.0
0,15000.0,2038,1600000000.0,2,0,0,2,2000000000.0,0.8,1,0.0,50000000.0,1000000.0,30000.0,30000000.0,320000000.0,351000000.0,401000000.0
0,15000.0,2039,2000000000.0,2,0,0,2,2000000000.0,1.0,0,0.0,50000000.0,1000000.0,30000.0,30000000.0,400000000.0,431000000.0,481000000.0
0,15000.0,2040,2400000000.0,3,1,0,3,3000000000.0,0.8,1,0.0,50000000.0,1500000.0,45000.0,45000000.0,480000000.0,526500000.0,576500000.0
0,15000.0,2041,2800000000.0,3,0,0,3,3000000000.0,0.9333333333333333,0,0.0,50000000.0,1500000.0,45000.0,45000000.0,560000000.0,606500000.0,656500000.0
0,15000.0,2042,3200000000.0,4,1,0,4,4000000000.0,0.8,0,0.0,0.0,2000000.0,60000.0,60000000.0,640000000.0,702000000.0,702000000.0
0,15000.0,2043,3600000000.0,4,0,0,4,4000000000.0,0.9,2,0.0,100000000.0,2000000.0,60000.0,60000000.0,720000000.0,782000000.0,882000000.0
0,15000.0,2044,4000000000.0,4,0,0,4,4000000000.0,1.0,0,0.0,100000000.0,2000000.0,60000.0,60000000.0,800000000.0,862000000.0,962000000.0
0,15000.0,2045,4400000000.0,5,2,1,5,5000000000.0,0.88,2,0.0,100000000.0,2500000.0,75000.0,75000000.0,880000000.0,957500000.0,1057500000.0
0,15000.0,2046,4800000000.0,5,0,0,5,5000000000.0,0.96,0,0.0,100000000.0,2500000.0,75000.0,75000000.0,960000000.0,1037500000.0,1137500000.0
0,15000.0,2047,5200000000.0,6,2,1,6,6000000000.0,0.8666666666666667,0,0.0,0.0,3000000.0,90000.0,90000000.0,1040000000.0,1133000000.0,1133000000.0
0,15000.0,2048,5600000000.0,6,0,0,6,6000000000.0,0.9333333333333333,2,0.0,100000000.0,3000000.0,90000.0,90000000.0,1120000000.0,1213000000.0,1313000000.0
0,15000.0,2049,6000000000.0,6,0,0,6,6000000000.0,1.0,0,0.0,100000000.0,3000000.0,90000.0,90000000.0,1200000000.0,1293000000.0,1393000000.0
0,15000.0,2050,6400000000.0,7,2,1,7,7000000000.0,0.9142857142857143,2,0.0,100000000.0,3500000.0,105000.0,105000000.0,1280000000.0,1388500000.0,1488500000.0
0,15000.0,2051,6800000000.0,7,0,0,7,7000000000.0,0.9714285714285714,0,0.0,100000000.0,3500000.0,105000.0,105000000.0,1360000000.0,1468500000.0,1568500000.0
0,15000.0,2052,7200000000.0,8,2,1,8,8000000000.0,0.9,0,0.0,0.0,4000000.0,120000.0,120000000.0,1440000000.0,1564000000.0,1564000000.0
0,15000.0,2053,7600000000.0,8,0,0,8,8000000000.0,0.95,3,0.0,150000000.0,4000000.0,120000.0,120000000.0,1520000000.0,1644000000.0,1794000000.0
0,15000.0,2054,8000000000.0,8,0,0,8,8000000000.0,1.0,0,0.0,150000000.0,4000000.0,120000.0,120000000.0,1600000000.0,1724000000.0,1874000000.0
0,15000.0,2055,8400000000.0,9,3,2,9,9000000000.0,0.9333333333333333,3,0.0,150000000.0,4500000.0,135000.0,135000000.0,1680000000.0,1819500000.0,1969500000.0
0,15000.0,2056,8800000000.0,9,0,0,9,9000000000.0,0.9777777777777777,0,0.0,150000000.0,4500000.0,135000.0,135000000.0,1760000000.0,1899500000.0,2049500000.0
0,15000.0,2057,9200000000.0,10,3,2,10,10000000000.0,0.92,0,0.0,0.0,5000000.0,150000.0,150000000.0,1840000000.0,1995000000.0,1995000000.0
0,15000.0,2058,9600000000.0,10,0,0,10,10000000000.0,0.96,3,0.0,150000000.0,5000000.0,150000.0,150000000.0,1920000000.0,2075000000.0,2225000000.0
0,15000.0,2059,10000000000.0,10,0,0,10,10000000000.0,1.0,0,0.0,150000000.0,5000000.0,150000.0,150000000.0,2000000000.0,2155000000.0,2305000000.0
0,15000.0,2060,10400000000.0,11,3,2,11,11000000000.0,0.9454545454545454,3,0.0,150000000.0,5500000.0,165000.0,165000000.0,2080000000.0,2250500000.0,2400500000.0
0,15000.0,2061,10800000000.0,11,0,0,11,11000000000.0,0.9818181818181818,0,0.0,150000000.0,5500000.0,165000.0,165000000.0,2160000000.0,2330500000.0,2480500000.0
0,15000.0,2062,11200000000.0,12,3,2,12,12000000000.0,0.9333333333333333,0,0.0,0.0,6000000.0,180000.0,180000000.0,2240000000.0,2426000000.0,2426000000.0
0,15000.0,2063,11600000000.0,12,0,0,12,12000000000.0,0.9666666666666667,4,0.0,200000000.0,6000000.0,180000.0,180000000.0,2320000000.0,2506000000.0,2706000000.0
0,15000.0,2064,12000000000.0,12,0,0,12,12000000000.0,1.0,0,0.0,200000000.0,6000000.0,180000.0,180000000.0,2400000000.0,2586000000.0,2786000000.0
0,15000.0,2065,12400000000.0,13,4,3,13,13000000000.0,0.9538461538461539,4,0.0,200000000.0,6500000.0,195000.0,195000000.0,2480000000.0,2681500000.0,2881500000.0
0,15000.0,2066,12800000000.0,13,0,0,13,13000000000.0,0.9846153846153847,0,0.0,200000000.0,6500000.0,195000.0,195000000.0,2560000000.0,2761500000.0,2961500000.0
0,15000.0,2067,13200000000.0,14,4,3,14,14000000000.0,0.9428571428571428,0,0.0,0.0,7000000.0,210000.0,210000000.0,2640000000.0,2857000000.0,2857000000.0
0,15000.0,2068,13600000000.0,14,0,0,14,14000000000.0,0.9714285714285714,0,0.0,0.0,7000000.0,210000.0,210000000.0,2720000000.0,2937000000.0,2937000000.0
0,15000.0,2069,14000000000.0,14,0,0,14,14000000000.0,1.0,0,0.0,0.0,7000000.0,210000.0,210000000.0,2800000000.0,3017000000.0,3017000000.0
1,16000.0,2028,0.0,0,0,0,0,0.0,,0,200000000.0,0.0,0.0,0.0,0.0,0.0,0.0,200000000.0
1,16000.0,2029,0.0,0,0,0,0,0.0,,0,200000000.0,0.0,0.0,0.0,0.0,0.0,0.0,200000000.0
1,16000.0,2030,0.0,0,0,0,0,0.0,,0,200000000.0,0.0,0.0,0.0,0.0,0.0,0.0,200000000.0
1,16000.0,2031,0.0,0,0,0,0,0.0,,0,200000000.0,0.0,0.0,0.0,0.0,0.0,0.0,200000000.0
1,16000.0,2032,0.0,0,0,0,0,0.0,,0,200000000.0,0.0,0.0,0.0,0.0,0.0,0.0,200000000.0
1,16000.0,2033,0.0,0,0,0,0,0.0,,1,0.0,50000000.0,0.0,0.0,0.0,0.0,0.0,50000000.0
1,16000.0,2034,0.0,0,0,0,0,0.0,,0,0.0,50000000.0,0.0,0.0,0.0,0.0,0.0,50000000.0
1,16000.0,2035,400000000.0,1,1,0,1,1000000000.0,0.4,1,0.0,50000000.0,500000.0,16000.0,16000000.0,80000000.0,96500000.0,146500000.0
1,16000.0,2036,800000000.0,1,0,0,1,1000000000.0,0.8,0,0.0,50000000.0,500000.0,16000.0,16000000.0,160000000.0,176500000.0,226500000.0
1,16000.0,2037,1200000000.0,2,1,0,2,2000000000.0,0.6,0,0.0,0.0,1000000.0,32000.0,32000000.0,240000000.0,273000000.0,273000000.0
1,16000.0,2038,1600000000.0,2,0,0,2,2000000000.0,0.8,1,0.0,50000000.0,1000000.0,32000.0,32000000.0,320000000.0,353000000.0,403000000.0
1,16000.0,2039,2000000000.0,2,0,0,2,2000000000.0,1.0,0,0.0,50000000.0,1000000.0,32000.0,32000000.0,400000000.0,433000000.0,483000000.0
1,16000.0,2040,2400000000.0,3,1,0,3,3000000000.0,0.8,1,0.0,50000000.0,1500000.0,48000.0,48000000.0,480000000.0,529500000.0,579500000.0
1,16000.0,2041,2800000000.0,3,0,0,3,3000000000.0,0.9333333333333333,0,0.0,50000000.0,1500000.0,48000.0,48000000.0,560000000.0,609500000.0,659500000.0
1,16000.0,2042,3200000000.0,4,1,0,4,4000000000.0,0.8,0,0.0,0.0,2000000.0,64000.0,64000000.0,640000000.0,706000000.0,706000000.0
1,16000.0,2043,3600000000.0,4,0,0,4,4000000000.0,0.9,2,0.0,100000000.0,2000000.0,64000.0,64000000.0,720000000.0,786000000.0,886000000.0
1,16000.0,2044,4000000000.0,4,0,0,4,4000000000.0,1.0,0,0.0,100000000.0,2000000.0,64000.0,64000000.0,800000000.0,866000000.0,966000000.0
1,16000.0,2045,4400000000.0,5,2,1,5,5000000000.0,0.88,2,0.0,100000000.0,2500000.0,80000.0,80000000.0,880000000.0,962500000.0,1062500000.0
1,16000.0,2046,4800000000.0,5,0,0,5,5000000000.0,0.96,0,0.0,100000000.0,2500000.0,80000.0,80000000.0,960000000.0,1042500000.0,1142500000.0
1,16000.0,2047,5200000000.0,6,2,1,6,6000000000.0,0.8666666666666667,0,0.0,0.0,3000000.0,96000.0,96000000.0,1040000000.0,1139000000.0,1139000000.0
1,16000.0,2048,5600000000.0,6,0,0,6,6000000000.0,0.9333333333333333,2,0.0,100000000.0,3000000.0,96000.0,96000000.0,1120000000.0,1219000000.0,1319000000.0
1,16000.0,2049,6000000000.0,6,0,0,6,6000000000.0,1.0,0,0.0,100000000.0,3000000.0,96000.0,96000000.0,1200000000.0,1299000000.0,1399000000.0
1,16000.0,2050,6400000000.0,7,2,1,7,7000000000.0,0.9142857142857143,2,0.0,100000000.0,3500000.0,112000.0,112000000.0,1280000000.0,1395500000.0,1495500000.0
1,16000.0,2051,6800000000.0,7,0,0,7,7000000000.0,0.9714285714285714,0,0.0,100000000.0,3500000.0,112000.0,112000000.0,1360000000.0,1475500000.0,1575500000.0
1,16000.0,2052,7200000000.0,8,2,1,8,8000000000.0,0.9,0,0.0,0.0,4000000.0,128000.0,128000000.0,1440000000.0,1572000000.0,1572000000.0
1,16000.0,2053,7600000000.0,8,0,0,8,8000000000.0,0.95,3,0.0,150000000.0,4000000.0,128000.0,128000000.0,1520000000.0,1652000000.0,1802000000.0
1,16000.0,2054,8000000000.0,8,0,0,8,8000000000.0,1.0,0,0.0,150000000.0,4000000.0,128000.0,128000000.0,1600000000.0,1732000000.0,1882000000.0
1,16000.0,2055,8400000000.0,9,3,2,9,9000000000.0,0.9333333333333333,3,0.0,150000000.0,4500000.0,144000.0,144000000.0,1680000000.0,1828500000.0,1978500000.0
1,16000.0,2056,8800000000.0,9,0,0,9,9000000000.0,0.9777777777777777,0,0.0,150000000.0,4500000.0,144000.0,144000000.0,1760000000.0,1908500000.0,2058500000.0
1,16000.0,2057,9200000000.0,10,3,2,10,10000000000.0,0.92,0,0.0,0.0,5000000.0,160000.0,160000000.0,1840000000.0,2005000000.0,2005000000.0
1,16000.0,2058,9600000000.0,10,0,0,10,10000000000.0,0.96,3,0.0,150000000.0,5000000.0,160000.0,160000000.0,1920000000.0,2085000000.0,2235000000.0
1,16000.0,2059,10000000000.0,10,0,0,10,10000000000.0,1.0,0,0.0,150000000.0,5000000.0,160000.0,160000000.0,2000000000.0,2165000000.0,2315000000.0
1,16000.0,2060,10400000000.0,11,3,2,11,11000000000.0,0.9454545454545454,3,0.0,150000000.0,5500000.0,176000.0,176000000.0,2080000000.0,2261500000.0,2411500000.0
1,16000.0,2061,10800000000.0,11,0,0,11,11000000000.0,0.9818181818181818,0,0.0,150000000.0,5500000.0,176000.0,176000000.0,2160000000.0,2341500000.0,2491500000.0
1,16000.0,2062,11200000000.0,12,3,2,12,12000000000.0,0.9333333333333333,0,0.0,0.0,6000000.0,192000.0,192000000.0,2240000000.0,2438000000.0,2438000000.0
1,16000.0,2063,11600000000.0,12,0,0,12,12000000000.0,0.9666666666666667,4,0.0,200000000.0,6000000.0,192000.0,192000000.0,2320000000.0,2518000000.0,2718000000.0
1,16000.0,2064,12000000000.0,12,0,0,12,12000000000.0,1.0,0,0.0,200000000.0,6000000.0,192000.0,192000000.0,2400000000.0,2598000000.0,2798000000.0
1,16000.0,2065,12400000000.0,13,4,3,13,13000000000.0,0.9538461538461539,4,0.0,200000000.0,6500000.0,208000.0,208000000.0,2480000000.0,2694500000.0,2894500000.0
1,16000.0,2066,12800000000.0,13,0,0,13,13000000000.0,0.9846153846153847,0,0.0,200000000.0,6500000.0,208000.0,208000000.0,2560000000.0,2774500000.0,2974500000.0
1,16000.0,2067,13200000000.0,14,4,3,14,14000000000.0,0.9428571428571428,0,0.0,0.0,7000000.0,224000.0,224000000.0,2640000000.0,2871000000.0,2871000000.0
1,16000.0,2068,13600000000.0,14,0,0,14,14000000000.0,0.9714285714285714,0,0.0,0.0,7000000.0,224000.0,224000000.0,2720000000.0,2951000000.0,2951000000.0
1,16000.0,2069,14000000000.0,14,0,0,14,14000000000.0,1.0,0,0.0,0.0,7000000.0,224000.0,224000000.0,2800000000.0,3031000000.0,3031000000.0
2,17000.0,2028,0.0,0,0,0,0,0.0,,0,200000000.0,0.0,0.0,0.0,0.0,0.0,0.0,200000000.0
2,17000.0,2029,0.0,0,0,0,0,0.0,,0,200000000.0,0.0,0.0,0.0,0.0,0.0,0.0,200000000.0
2,17000.0,2030,0.0,0,0,0,0,0.0,,0,200000000.0,0.0,0.0,0.0,0.0,0.0,0.0,200000000.0
2,17000.0,2031,0.0,0,0,0,0,0.0,,0,200000000.0,0.0,0.0,0.0,0.0,0.0,0.0,200000000.0
2,17000.0,2032,0.0,0,0,0,0,0.0,,0,200000000.0,0.0,0.0,0.0,0.0,0.0,0.0,200000000.0
2,17000.0,2033,0.0,0,0,0,0,0.0,,1,0.0,50000000.0,0.0,0.0,0.0,0.0,0.0,50000000.0
2,17000.0,2034,0.0,0,0,0,0,0.0,,0,0.0,50000000.0,0.0,0.0,0.0,0.0,0.0,50000000.0
2,17000.0,2035,400000000.0,1,1,0,1,1000000000.0,0.4,1,0.0,50000000.0,500000.0,17000.0,17000000.0,80000000.0,97500000.0,147500000.0
2,17000.0,2036,800000000.0,1,0,0,1,1000000000.0,0.8,0,0.0,50000000.0,500000.0,17000.0,17000000.0,160000000.0,177500000.0,227500000.0
2,17000.0,2037,1200000000.0,2,1,0,2,2000000000.0,0.6,0,0.0,0.0,1000000.0,34000.0,34000000.0,240000000.0,275000000.0,275000000.0
2,17000.0,2038,1600000000.0,2,0,0,2,2000000000.0,0.8,1,0.0,50000000.0,1000000.0,34000.0,34000000.0,320000000.0,355000000.0,405000000.0
2,17000.0,2039,2000000000.0,2,0,0,2,2000000000.0,1.0,0,0.0,50000000.0,1000000.0,34000.0,34000000.0,400000000.0,435000000.0,485000000.0
2,17000.0,2040,2400000000.0,3,1,0,3,3000000000.0,0.8,1,0.0,50000000.0,1500000.0,51000.0,51000000.0,480000000.0,532500000.0,582500000.0
2,17000.0,2041,2800000000.0,3,0,0,3,3000000000.0,0.9333333333333333,0,0.0,50000000.0,1500000.0,51000.0,51000000.0,560000000.0,612500000.0,662500000.0
2,17000.0,2042,3200000000.0,4,1,0,4,4000000000.0,0.8,0,0.0,0.0,2000000.0,68000.0,68000000.0,640000000.0,710000000.0,710000000.0
2,17000.0,2043,3600000000.0,4,0,0,4,4000000000.0,0.9,2,0.0,100000000.0,2000000.0,68000.0,68000000.0,720000000.0,790000000.0,890000000.0
2,17000.0,2044,4000000000.0,4,0,0,4,4000000000.0,1.0,0,0.0,100000000.0,2000000.0,68000.0,68000000.0,800000000.0,870000000.0,970000000.0
2,17000.0,2045,4400000000.0,5,2,1,5,5000000000.0,0.88,2,0.0,100000000.0,2500000.0,85000.0,85000000.0,880000000.0,967500000.0,1067500000.0
2,17000.0,2046,4800000000.0,5,0,0,5,5000000000.0,0.96,0,0.0,100000000.0,2500000.0,85000.0,85000000.0,960000000.0,1047500000.0,1147500000.0
2,17000.0,2047,5200000000.0,6,2,1,6,6000000000.0,0.8666666666666667,0,0.0,0.0,3000000.0,102000.0,102000000.0,1040000000.0,1145000000.0,1145000000.0
2,17000.0,2048,5600000000.0,6,0,0,6,6000000000.0,0.9333333333333333,2,0.0,100000000.0,3000000.0,102000.0,102000000.0,1120000000.0,1225000000.0,1325000000.0
2,17000.0,2049,6000000000.0,6,0,0,6,6000000000.0,1.0,0,0.0,100000000.0,3000000.0,102000.0,102000000.0,1200000000.0,1305000000.0,1405000000.0
2,17000.0,2050,6400000000.0,7,2,1,7,7000000000.0,0.9142857142857143,2,0.0,100000000.0,3500000.0,119000.0,119000000.0,1280000000.0,1402500000.0,1502500000.0
2,17000.0,2051,6800000000.0,7,0,0,7,7000000000.0,0.9714285714285714,0,0.0,100000000.0,3500000.0,119000.0,119000000.0,1360000000.0,1482500000.0,1582500000.0
2,17000.0,2052,7200000000.0,8,2,1,8,8000000000.0,0.9,0,0.0,0.0,4000000.0,136000.0,136000000.0,1440000000.0,1580000000.0,1580000000.0
2,17000.0,2053,7600000000.0,8,0,0,8,8000000000.0,0.95,3,0.0,150000000.0,4000000.0,136000.0,136000000.0,1520000000.0,1660000000.0,1810000000.0
2,17000.0,2054,8000000000.0,8,0,0,8,8000000000.0,1.0,0,0.0,150000000.0,4000000.0,136000.0,136000000.0,1600000000.0,1740000000.0,1890000000.0
2,17000.0,2055,8400000000.0,9,3,2,9,9000000000.0,0.9333333333333333,3,0.0,150000000.0,4500000.0,153000.0,153000000.0,1680000000.0,1837500000.0,1987500000.0
2,17000.0,2056,8800000000.0,9,0,0,9,9000000000.0,0.9777777777777777,0,0.0,150000000.0,4500000.0,153000.0,153000000.0,1760000000.0,1917500000.0,2067500000.0
2,17000.0,2057,9200000000.0,10,3,2,10,10000000000.0,0.92,0,0.0,0.0,5000000.0,170000.0,170000000.0,1840000000.0,2015000000.0,2015000000.0
2,17000.0,2058,9600000000.0,10,0,0,10,10000000000.0,0.96,3,0.0,150000000.0,5000000.0,170000.0,170000000.0,1920000000.0,2095000000.0,2245000000.0
2,17000.0,2059,10000000000.0,10,0,0,10,10000000000.0,1.0,0,0.0,150000000.0,5000000.0,170000.0,170000000.0,2000000000.0,2175000000.0,2325000000.0
2,17000.0,2060,10400000000.0,11,3,2,11,11000000000.0,0.9454545454545454,3,0.0,150000000.0,5500000.0,187000.0,187000000.0,2080000000.0,2272500000.0,2422500000.0
2,17000.0,2061,10800000000.0,11,0,0,11,11000000000.0,0.9818181818181818,0,0.0,150000000.0,5500000.0,187000.0,187000000.0,2160000000.0,2352500000.0,2502500000.0
2,17000.0,2062,11200000000.0,12,3,2,12,12000000000.0,0.9333333333333333,0,0.0,0.0,6000000.0,204000.0,204000000.0,2240000000.0,2450000000.0,2450000000.0
2,17000.0,2063,11600000000.0,12,0,0,12,12000000000.0,0.9666666666666667,4,0.0,200000000.0,6000000.0,204000.0,204000000.0,2320000000.0,2530000000.0,2730000000.0
2,17000.0,2064,12000000000.0,12,0,0,12,12000000000.0,1.0,0,0.0,200000000.0,6000000.0,204000.0,204000000.0,2400000000.0,2610000000.0,2810000000.0
2,17000.0,2065,12400000000.0,13,4,3,13,13000000000.0,0.9538461538461539,4,0.0,200000000.0,6500000.0,221000.0,221000000.0,2480000000.0,2707500000.0,2907500000.0
2,17000.0,2066,12800000000.0,13,0,0,13,13000000000.0,0.9846153846153847,0,0.0,200000000.0,6500000.0,221000.0,221000000.0,2560000000.0,2787500000.0,2987500000.0
2,17000.0,2067,13200000000.0,14,4,3,14,14000000000.0,0.9428571428571428,0,0.0,0.0,7000000.0,238000.0,238000000.0,2640000000.0,2885000000.0,2885000000.0
2,17000.0,2068,13600000000.0,14,0,0,14,14000000000.0,0.9714285714285714,0,0.0,0.0,7000000.0,238000.0,238000000.0,2720000000.0,2965000000.0,2965000000.0
2,17000.0,2069,14000000000.0,14,0,0,14,14000000000.0,1.0,0,0.0,0.0,7000000.0,238000.0,238000000.0,2800000000.0,3045000000.0,3045000000.0
3,18000.0,2028,0.0,0,0,0,0,0.0,,0,200000000.0,0.0,0.0,0.0,0.0,0.0,0.0,200000000.0
3,18000.0,2029,0.0,0,0,0,0,0.0,,0,200000000.0,0.0,0.0,0.0,0.0,0.0,0.0,200000000.0
3,18000.0,2030,0.0,0,0,0,0,0.0,,0,200000000.0,0.0,0.0,0.0,0.0,0.0,0.0,200000000.0
3,18000.0,2031,0.0,0,0,0,0,0.0,,0,200000000.0,0.0,0.0,0.0,0.0,0.0,0.0,200000000.0
3,18000.0,2032,0.0,0,0,0,0,0.0,,0,200000000.0,0.0,0.0,0.0,0.0,0.0,0.0,200000000.0
3,18000.0,2033,0.0,0,0,0,0,0.0,,1,0.0,50000000.0,0.0,0.0,0.0,0.0,0.0,50000000.0
3,18000.0,2034,0.0,0,0,0,0,0.0,,0,0.0,50000000.0,0.0,0.0,0.0,0.0,0.0,50000000.0
3,18000.0,2035,400000000.0,1,1,0,1,1000000000.0,0.4,1,0.0,50000000.0,500000.0,18000.0,18000000.0,80000000.0,98500000.0,148500000.0
3,18000.0,2036,800000000.0,1,0,0,1,1000000000.0,0.8,0,0.0,50000000.0,500000.0,18000.0,18000000.0,160000000.0,178500000.0,228500000.0
3,18000.0,2037,1200000000.0,2,1,0,2,2000000000.0,0.6,0,0.0,0.0,1000000.0,36000.0,36000000.0,240000000.0,277000000.0,277000000.0
3,18000.0,2038,1600000000.0,2,0,0,2,2000000000.0,0.8,1,0.0,50000000.0,1000000.0,36000.0,36000000.0,320000000.0,357000000.0,407000000.0
3,18000.0,2039,2000000000.0,2,0,0,2,2000000000.0,1.0,0,0.0,50000000.0,1000000.0,36000.0,36000000.0,400000000.0,437000000.0,487000000.0
3,18000.0,2040,2400000000.0,3,1,0,3,3000000000.0,0.8,1,0.0,50000000.0,1500000.0,54000.0,54000000.0,480000000.0,535500000.0,585500000.0
3,18000.0,2041,2800000000.0,3,0,0,3,3000000000.0,0.9333333333333333,0,0.0,50000000.0,1500000.0,54000.0,54000000.0,560000000.0,615500000.0,665500000.0
3,18000.0,2042,3200000000.0,4,1,0,4,4000000000.0,0.8,0,0.0,0.0,2000000.0,72000.0,72000000.0,640000000.0,714000000.0,714000000.0
3,18000.0,2043,3600000000.0,4,0,0,4,4000000000.0,0.9,2,0.0,100000000.0,2000000.0,72000.0,72000000.0,720000000.0,794000000.0,894000000.0
3,18000.0,2044,4000000000.0,4,0,0,4,4000000000.0,1.0,0,0.0,100000000.0,2000000.0,72000.0,72000000.0,800000000.0,874000000.0,974000000.0
3,18000.0,2045,4400000000.0,5,2,1,5,5000000000.0,0.88,2,0.0,100000000.0,2500000.0,90000.0,90000000.0,880000000.0,972500000.0,1072500000.0
3,18000.0,2046,4800000000.0,5,0,0,5,5000000000.0,0.96,0,0.0,100000000.0,2500000.0,90000.0,90000000.0,960000000.0,1052500000.0,1152500000.0
3,18000.0,2047,5200000000.0,6,2,1,6,6000000000.0,0.8666666666666667,0,0.0,0.0,3000000.0,108000.0,108000000.0,1040000000.0,1151000000.0,1151000000.0
3,18000.0,2048,5600000000.0,6,0,0,6,6000000000.0,0.9333333333333333,2,0.0,100000000.0,3000000.0,108000.0,108000000.0,1120000000.0,1231000000.0,1331000000.0
3,18000.0,2049,6000000000.0,6,0,0,6,6000000000.0,1.0,0,0.0,100000000.0,3000000.0,108000.0,108000000.0,1200000000.0,1311000000.0,1411000000.0
3,18000.0,2050,6400000000.0,7,2,1,7,7000000000.0,0.9142857142857143,2,0.0,100000000.0,3500000.0,126000.0,126000000.0,1280000000.0,1409500000.0,1509500000.0
3,18000.0,2051,6800000000.0,7,0,0,7,7000000000.0,0.9714285714285714,0,0.0,100000000.0,3500000.0,126000.0,126000000.0,1360000000.0,1489500000.0,1589500000.0
3,18000.0,2052,7200000000.0,8,2,1,8,8000000000.0,0.9,0,0.0,0.0,4000000.0,144000.0,144000000.0,1440000000.0,1588000000.0,1588000000.0
3,18000.0,2053,7600000000.0,8,0,0,8,8000000000.0,0.95,3,0.0,150000000.0,4000000.0,144000.0,144000000.0,1520000000.0,1668000000.0,1818000000.0
3,18000.0,2054,8000000000.0,8,0,0,8,8000000000.0,1.0,0,0.0,150000000.0,4000000.0,144000.0,144000000.0,1600000000.0,1748000000.0,1898000000.0
3,18000.0,2055,8400000000.0,9,3,2,9,9000000000.0,0.9333333333333333,3,0.0,150000000.0,4500000.0,162000.0,162000000.0,1680000000.0,1846500000.0,1996500000.0
3,18000.0,2056,8800000000.0,9,0,0,9,9000000000.0,0.9777777777777777,0,0.0,150000000.0,4500000.0,162000.0,162000000.0,1760000000.0,1926500000.0,2076500000.0
3,18000.0,2057,9200000000.0,10,3,2,10,10000000000.0,0.92,0,0.0,0.0,5000000.0,180000.0,180000000.0,1840000000.0,2025000000.0,2025000000.0
3,18000.0,2058,9600000000.0,10,0,0,10,10000000000.0,0.96,3,0.0,150000000.0,5000000.0,180000.0,180000000.0,1920000000.0,2105000000.0,2255000000.0
3,18000.0,2059,10000000000.0,10,0,0,10,10000000000.0,1.0,0,0.0,150000000.0,5000000.0,180000.0,180000000.0,2000000000.0,2185000000.0,2335000000.0
3,18000.0,2060,10400000000.0,11,3,2,11,11000000000.0,0.9454545454545454,3,0.0,150000000.0,5500000.0,198000.0,198000000.0,2080000000.0,2283500000.0,2433500000.0
3,18000.0,2061,10800000000.0,11,0,0,11,11000000000.0,0.9818181818181818,0,0.0,150000000.0,5500000.0,198000.0,198000000.0,2160000000.0,2363500000.0,2513500000.0
3,18000.0,2062,11200000000.0,12,3,2,12,12000000000.0,0.9333333333333333,0,0.0,0.0,6000000.0,216000.0,216000000.0,2240000000.0,2462000000.0,2462000000.0
3,18000.0,2063,11600000000.0,12,0,0,12,12000000000.0,0.9666666666666667,4,0.0,200000000.0,6000000.0,216000.0,216000000.0,2320000000.0,2542000000.0,2742000000.0
3,18000.0,2064,12000000000.0,12,0,0,12,12000000000.0,1.0,0,0.0,200000000.0,6000000.0,216000.0,216000000.0,2400000000.0,2622000000.0,2822000000.0
3,18000.0,2065,12400000000.0,13,4,3,13,13000000000.0,0.9538461538461539,4,0.0,200000000.0,6500000.0,234000.0,234000000.0,2480000000.0,2720500000.0,2920500000.0
3,18000.0,2066,12800000000.0,13,0,0,13,13000000000.0,0.9846153846153847,0,0.0,200000000.0,6500000.0,234000.0,234000000.0,2560000000.0,2800500000.0,3000500000.0
3,18000.0,2067,13200000000.0,14,4,3,14,14000000000.0,0.9428571428571428,0,0.0,0.0,7000000.0,252000.0,252000000.0,2640000000.0,2899000000.0,2899000000.0
3,18000.0,2068,13600000000.0,14,0,0,14,14000000000.0,0.9714285714285714,0,0.0,0.0,7000000.0,252000.0,252000000.0,2720000000.0,2979000000.0,2979000000.0
3,18000.0,2069,14000000000.0,14,0,0,14,14000000000.0,1.0,0,0.0,0.0,7000000.0,252000.0,252000000.0,2800000000.0,3059000000.0,3059000000.0
4,19000.0,2028,0.0,0,0,0,0,0.0,,0,200000000.0,0.0,0.0,0.0,0.0,0.0,0.0,200000000.0
4,19000.0,2029,0.0,0,0,0,0,0.0,,0,200000000.0,0.0,0.0,0.0,0.0,0.0,0.0,200000000.0
4,19000.0,2030,0.0,0,0,0,0,0.0,,0,200000000.0,0.0,0.0,0.0,0.0,0.0,0.0,200000000.0
4,19000.0,2031,0.0,0,0,0,0,0.0,,0,200000000.0,0.0,0.0,0.0,0.0,0.0,0.0,200000000.0
4,19000.0,2032,0.0,0,0,0,0,0.0,,0,200000000.0,0.0,0.0,0.0,0.0,0.0,0.0,200000000.0
4,19000.0,2033,0.0,0,0,0,0,0.0,,1,0.0,50000000.0,0.0,0.0,0.0,0.0,0.0,50000000.0
4,19000.0,2034,0.0,0,0,0,0,0.0,,0,0.0,50000000.0,0.0,0.0,0.0,0.0,0.0,50000000.0
4,19000.0,2035,400000000.0,1,1,0,1,1000000000.0,0.4,1,0.0,50000000.0,500000.0,19000.0,19000000.0,80000000.0,99500000.0,149500000.0
4,19000.0,2036,800000000.0,1,0,0,1,1000000000.0,0.8,0,0.0,50000000.0,500000.0,19000.0,19000000.0,160000000.0,179500000.0,229500000.0
4,19000.0,2037,1200000000.0,2,1,0,2,2000000000.0,0.6,0,0.0,0.0,1000000.0,38000.0,38000000.0,240000000.0,279000000.0,279000000.0
4,19000.0,2038,1600000000.0,2,0,0,2,2000000000.0,0.8,1,0.0,50000000.0,1000000.0,38000.0,38000000.0,320000000.0,359000000.0,409000000.0
4,19000.0,2039,2000000000.0,2,0,0,2,2000000000.0,1.0,0,0.0,50000000.0,1000000.0,38000.0,38000000.0,400000000.0,439000000.0,489000000.0
4,19000.0,2040,2400000000.0,3,1,0,3,3000000000.0,0.8,1,0.0,50000000.0,1500000.0,57000.0,57000000.0,480000000.0,538500000.0,588500000.0
4,19000.0,2041,2800000000.0,3,0,0,3,3000000000.0,0.9333333333333333,0,0.0,50000000.0,1500000.0,57000.0,57000000.0,560000000.0,618500000.0,668500000.0
4,19000.0,2042,3200000000.0,4,1,0,4,4000000000.0,0.8,0,0.0,0.0,2000000.0,76000.0,76000000.0,640000000.0,718000000.0,718000000.0
4,19000.0,2043,3600000000.0,4,0,0,4,4000000000.0,0.9,2,0.0,100000000.0,2000000.0,76000.0,76000000.0,720000000.0,798000000.0,898000000.0
4,19000.0,2044,4000000000.0,4,0,0,4,4000000000.0,1.0,0,0.0,100000000.0,2000000.0,76000.0,76000000.0,800000000.0,878000000.0,978000000.0
4,19000.0,2045,4400000000.0,5,2,1,5,5000000000.0,0.88,2,0.0,100000000.0,2500000.0,95000.0,95000000.0,880000000.0,977500000.0,1077500000.0
4,19000.0,2046,4800000000.0,5,0,0,5,5000000000.0,0.96,0,0.0,100000000.0,2500000.0,95000.0,95000000.0,960000000.0,1057500000.0,1157500000.0
4,19000.0,2047,5200000000.0,6,2,1,6,6000000000.0,0.8666666666666667,0,0.0,0.0,3000000.0,114000.0,114000000.0,1040000000.0,1157000000.0,1157000000.0
4,19000.0,2048,5600000000.0,6,0,0,6,6000000000.0,0.9333333333333333,2,0.0,100000000.0,3000000.0,114000.0,114000000.0,1120000000.0,1237000000.0,1337000000.0
4,19000.0,2049,6000000000.0,6,0,0,6,6000000000.0,1.0,0,0.0,100000000.0,3000000.0,114000.0,114000000.0,1200000000.0,1317000000.0,1417000000.0
4,19000.0,2050,6400000000.0,7,2,1,7,7000000000.0,0.9142857142857143,2,0.0,100000000.0,3500000.0,133000.0,133000000.0,1280000000.0,1416500000.0,1516500000.0
4,19000.0,2051,6800000000.0,7,0,0,7,7000000000.0,0.9714285714285714,0,0.0,100000000.0,3500000.0,133000.0,133000000.0,1360000000.0,1496500000.0,1596500000.0
4,19000.0,2052,7200000000.0,8,2,1,8,8000000000.0,0.9,0,0.0,0.0,4000000.0,152000.0,152000000.0,1440000000.0,1596000000.0,1596000000.0
4,19000.0,2053,7600000000.0,8,0,0,8,8000000000.0,0.95,3,0.0,150000000.0,4000000.0,152000.0,152000000.0,1520000000.0,1676000000.0,1826000000.0
4,19000.0,2054,8000000000.0,8,0,0,8,8000000000.0,1.0,0,0.0,150000000.0,4000000.0,152000.0,152000000.0,1600000000.0,1756000000.0,1906000000.0
4,19000.0,2055,8400000000.0,9,3,2,9,9000000000.0,0.9333333333333333,3,0.0,150000000.0,4500000.0,171000.0,171000000.0,1680000000.0,1855500000.0,2005500000.0
4,19000.0,2056,8800000000.0,9,0,0,9,9000000000.0,0.9777777777777777,0,0.0,150000000.0,4500000.0,171000.0,171000000.0,1760000000.0,1935500000.0,2085500000.0
4,19000.0,2057,9200000000.0,10,3,2,10,10000000000.0,0.92,0,0.0,0.0,5000000.0,190000.0,190000000.0,1840000000.0,2035000000.0,2035000000.0
4,19000.0,2058,9600000000.0,10,0,0,10,10000000000.0,0.96,3,0.0,150000000.0,5000000.0,190000.0,190000000.0,1920000000.0,2115000000.0,2265000000.0
4,19000.0,2059,10000000000.0,10,0,0,10,10000000000.0,1.0,0,0.0,150000000.0,5000000.0,190000.0,190000000.0,2000000000.0,2195000000.0,2345000000.0
4,19000.0,2060,10400000000.0,11,3,2,11,11000000000.0,0.9454545454545454,3,0.0,150000000.0,5500000.0,209000.0,209000000.0,2080000000.0,2294500000.0,2444500000.0
4,19000.0,2061,10800000000.0,11,0,0,11,11000000000.0,0.9818181818181818,0,0.0,150000000.0,5500000.0,209000.0,209000000.0,2160000000.0,2374500000.0,2524500000.0
4,19000.0,2062,11200000000.0,12,3,2,12,12000000000.0,0.9333333333333333,0,0.0,0.0,6000000.0,228000.0,228000000.0,2240000000.0,2474000000.0,2474000000.0
4,19000.0,2063,11600000000.0,12,0,0,12,12000000000.0,0.9666666666666667,4,0.0,200000000.0,6000000.0,228000.0,228000000.0,2320000000.0,2554000000.0,2754000000.0
4,19000.0,2064,12000000000.0,12,0,0,12,12000000000.0,1.0,0,0.0,200000000.0,6000000.0,228000.0,228000000.0,2400000000.0,2634000000.0,2834000000.0
4,19000.0,2065,12400000000.0,13,4,3,13,13000000000.0,0.9538461538461539,4,0.0,200000000.0,6500000.0,247000.0,247000000.0,2480000000.0,2733500000.0,2933500000.0
4,19000.0,2066,12800000000.0,13,0,0,13,13000000000.0,0.9846153846153847,0,0.0,200000000.0,6500000.0,247000.0,247000000.0,2560000000.0,2813500000.0,3013500000.0
4,19000.0,2067,13200000000.0,14,4,3,14,14000000000.0,0.9428571428571428,0,0.0,0.0,7000000.0,266000.0,266000000.0,2640000000.0,2913000000.0,2913000000.0
4,19000.0,2068,13600000000.0,14,0,0,14,14000000000.0,0.9714285714285714,0,0.0,0.0,7000000.0,266000.0,266000000.0,2720000000.0,2993000000.0,2993000000.0
4,19000.0,2069,14000000000.0,14,0,0,14,14000000000.0,1.0,0,0.0,0.0,7000000.0,266000.0,266000000.0,2800000000.0,3073000000.0,3073000000.0
5,20000.0,2028,0.0,0,0,0,0,0.0,,0,200000000.0,0.0,0.0,0.0,0.0,0.0,0.0,200000000.0
5,20000.0,2029,0.0,0,0,0,0,0.0,,0,200000000.0,0.0,0.0,0.0,0.0,0.0,0.0,200000000.0
5,20000.0,2030,0.0,0,0,0,0,0.0,,0,200000000.0,0.0,0.0,0.0,0.0,0.0,0.0,200000000.0
5,20000.0,2031,0.0,0,0,0,0,0.0,,0,200000000.0,0.0,0.0,0.0,0.0,0.0,0.0,200000000.0
5,20000.0,2032,0.0,0,0,0,0,0.0,,0,200000000.0,0.0,0.0,0.0,0.0,0.0,0.0,200000000.0
5,20000.0,2033,0.0,0,0,0,0,0.0,,1,0.0,50000000.0,0.0,0.0,0.0,0.0,0.0,50000000.0
5,20000.0,2034,0.0,0,0,0,0,0.0,,0,0.0,50000000.0,0.0,0.0,0.0,0.0,0.0,50000000.0
5,20000.0,2035,400000000.0,1,1,0,1,1000000000.0,0.4,1,0.0,50000000.0,500000.0,20000.0,20000000.0,80000000.0,100500000.0,150500000.0
5,20000.0,2036,800000000.0,1,0,0,1,1000000000.0,0.8,0,0.0,50000000.0,500000.0,20000.0,20000000.0,160000000.0,180500000.0,230500000.0
5,20000.0,2037,1200000000.0,2,1,0,2,2000000000.0,0.6,0,0.0,0.0,1000000.0,40000.0,40000000.0,240000000.0,281000000.0,281000000.0
5,20000.0,2038,1600000000.0,2,0,0,2,2000000000.0,0.8,1,0.0,50000000.0,1000000.0,40000.0,40000000.0,320000000.0,361000000.0,411000000.0
5,20000.0,2039,2000000000.0,2,0,0,2,2000000000.0,1.0,0,0.0,50000000.0,1000000.0,40000.0,40000000.0,400000000.0,441000000.0,491000000.0
5,20000.0,2040,2400000000.0,3,1,0,3,3000000000.0,0.8,1,0.0,50000000.0,1500000.0,60000.0,60000000.0,480000000.0,541500000.0,591500000.0
5,20000.0,2041,2800000000.0,3,0,0,3,3000000000.0,0.9333333333333333,0,0.0,50000000.0,1500000.0,60000.0,60000000.0,560000000.0,621500000.0,671500000.0
5,20000.0,2042,3200000000.0,4,1,0,4,4000000000.0,0.8,0,0.0,0.0,2000000.0,80000.0,80000000.0,640000000.0,722000000.0,722000000.0
5,20000.0,2043,3600000000.0,4,0,0,4,4000000000.0,0.9,2,0.0,100000000.0,2000000.0,80000.0,80000000.0,720000000.0,802000000.0,902000000.0
5,20000.0,2044,4000000000.0,4,0,0,4,4000000000.0,1.0,0,0.0,100000000.0,2000000.0,80000.0,80000000.0,800000000.0,882000000.0,982000000.0
5,20000.0,2045,4400000000.0,5,2,1,5,5000000000.0,0.88,2,0.0,100000000.0,2500000.0,100000.0,100000000.0,880000000.0,982500000.0,1082500000.0
5,20000.0,2046,4800000000.0,5,0,0,5,5000000000.0,0.96,0,0.0,100000000.0,2500000.0,100000.0,100000000.0,960000000.0,1062500000.0,1162500000.0
5,20000.0,2047,5200000000.0,6,2,1,6,6000000000.0,0.8666666666666667,0,0.0,0.0,3000000.0,120000.0,120000000.0,1040000000.0,1163000000.0,1163000000.0
5,20000.0,2048,5600000000.0,6,0,0,6,6000000000.0,0.9333333333333333,2,0.0,100000000.0,3000000.0,120000.0,120000000.0,1120000000.0,1243000000.0,1343000000.0
5,20000.0,2049,6000000000.0,6,0,0,6,6000000000.0,1.0,0,0.0,100000000.0,3000000.0,120000.0,120000000.0,1200000000.0,1323000000.0,1423000000.0
5,20000.0,2050,6400000000.0,7,2,1,7,7000000000.0,0.9142857142857143,2,0.0,100000000.0,3500000.0,140000.0,140000000.0,1280000000.0,1423500000.0,1523500000.0
5,20000.0,2051,6800000000.0,7,0,0,7,7000000000.0,0.9714285714285714,0,0.0,100000000.0,3500000.0,140000.0,140000000.0,1360000000.0,1503500000.0,1603500000.0
5,20000.0,2052,7200000000.0,8,2,1,8,8000000000.0,0.9,0,0.0,0.0,4000000.0,160000.0,160000000.0,1440000000.0,1604000000.0,1604000000.0
5,20000.0,2053,7600000000.0,8,0,0,8,8000000000.0,0.95,3,0.0,150000000.0,4000000.0,160000.0,160000000.0,1520000000.0,1684000000.0,1834000000.0
5,20000.0,2054,8000000000.0,8,0,0,8,8000000000.0,1.0,0,0.0,150000000.0,4000000.0,160000.0,160000000.0,1600000000.0,1764000000.0,1914000000.0
5,20000.0,2055,8400000000.0,9,3,2,9,9000000000.0,0.9333333333333333,3,0.0,150000000.0,4500000.0,180000.0,180000000.0,1680000000.0,1864500000.0,2014500000.0
5,20000.0,2056,8800000000.0,9,0,0,9,9000000000.0,0.9777777777777777,0,0.0,150000000.0,4500000.0,180000.0,180000000.0,1760000000.0,1944500000.0,2094500000.0
5,20000.0,2057,9200000000.0,10,3,2,10,10000000000.0,0.92,0,0.0,0.0,5000000.0,200000.0,200000000.0,1840000000.0,2045000000.0,2045000000.0
5,20000.0,2058,9600000000.0,10,0,0,10,10000000000.0,0.96,3,0.0,150000000.0,5000000.0,200000.0,200000000.0,1920000000.0,2125000000.0,2275000000.0
5,20000.0,2059,10000000000.0,10,0,0,10,10000000000.0,1.0,0,0.0,150000000.0,5000000.0,200000.0,200000000.0,2000000000.0,2205000000.0,2355000000.0
5,20000.0,2060,10400000000.0,11,3,2,11,11000000000.0,0.9454545454545454,3,0.0,150000000.0,5500000.0,220000.0,220000000.0,2080000000.0,2305500000.0,2455500000.0
5,20000.0,2061,10800000000.0,11,0,0,11,11000000000.0,0.9818181818181818,0,0.0,150000000.0,5500000.0,220000.0,220000000.0,2160000000.0,2385500000.0,2535500000.0
5,20000.0,2062,11200000000.0,12,3,2,12,12000000000.0,0.9333333333333333,0,0.0,0.0,6000000.0,240000.0,240000000.0,2240000000.0,2486000000.0,2486000000.0
5,20000.0,2063,11600000000.0,12,0,0,12,12000000000.0,0.9666666666666667,4,0.0,200000000.0,6000000.0,240000.0,240000000.0,2320000000.0,2566000000.0,2766000000.0
5,20000.0,2064,12000000000.0,12,0,0,12,12000000000.0,1.0,0,0.0,200000000.0,6000000.0,240000.0,240000000.0,2400000000.0,2646000000.0,2846000000.0
5,20000.0,2065,12400000000.0,13,4,3,13,13000000000.0,0.9538461538461539,4,0.0,200000000.0,6500000.0,260000.0,260000000.0,2480000000.0,2746500000.0,2946500000.0
5,20000.0,2066,12800000000.0,13,0,0,13,13000000000.0,0.9846153846153847,0,0.0,200000000.0,6500000.0,260000.0,260000000.0,2560000000.0,2826500000.0,3026500000.0
5,20000.0,2067,13200000000.0,14,4,3,14,14000000000.0,0.9428571428571428,0,0.0,0.0,7000000.0,280000.0,280000000.0,2640000000.0,2927000000.0,2927000000.0
5,20000.0,2068,13600000000.0,14,0,0,14,14000000000.0,0.9714285714285714,0,0.0,0.0,7000000.0,280000.0,280000000.0,2720000000.0,3007000000.0,3007000000.0
5,20000.0,2069,14000000000.0,14,0,0,14,14000000000.0,1.0,0,0.0,0.0,7000000.0,280000.0,280000000.0,2800000000.0,3087000000.0,3087000000.0
6,21000.0,2028,0.0,0,0,0,0,0.0,,0,200000000.0,0.0,0.0,0.0,0.0,0.0,0.0,200000000.0
6,21000.0,2029,0.0,0,0,0,0,0.0,,0,200000000.0,0.0,0.0,0.0,0.0,0.0,0.0,200000000.0
6,21000.0,2030,0.0,0,0,0,0,0.0,,0,200000000.0,0.0,0.0,0.0,0.0,0.0,0.0,200000000.0
6,21000.0,2031,0.0,0,0,0,0,0.0,,0,200000000.0,0.0,0.0,0.0,0.0,0.0,0.0,200000000.0
6,21000.0,2032,0.0,0,0,0,0,0.0,,0,200000000.0,0.0,0.0,0.0,0.0,0.0,0.0,200000000.0
6,21000.0,2033,0.0,0,0,0,0,0.0,,1,0.0,50000000.0,0.0,0.0,0.0,0.0,0.0,50000000.0
6,21000.0,2034,0.0,0,0,0,0,0.0,,0,0.0,50000000.0,0.0,0.0,0.0,0.0,0.0,50000000.0
6,21000.0,2035,400000000.0,1,1,0,1,1000000000.0,0.4,1,0.0,50000000.0,500000.0,21000.0,21000000.0,80000000.0,101500000.0,151500000.0
6,21000.0,2036,800000000.0,1,0,0,1,1000000000.0,0.8,0,0.0,50000000.0,500000.0,21000.0,21000000.0,160000000.0,181500000.0,231500000.0
6,21000.0,2037,1200000000.0,2,1,0,2,2000000000.0,0.6,0,0.0,0.0,1000000.0,42000.0,42000000.0,240000000.0,283000000.0,283000000.0
6,21000.0,2038,1600000000.0,2,0,0,2,2000000000.0,0.8,1,0.0,50000000.0,1000000.0,42000.0,42000000.0,320000000.0,363000000.0,413000000.0
6,21000.0,2039,2000000000.0,2,0,0,2,2000000000.0,1.0,0,0.0,50000000.0,1000000.0,42000.0,42000000.0,400000000.0,443000000.0,493000000.0
6,21000.0,2040,2400000000.0,3,1,0,3,3000000000.0,0.8,1,0.0,50000000.0,1500000.0,63000.0,63000000.0,480000000.0,544500000.0,594500000.0
6,21000.0,2041,2800000000.0,3,0,0,3,3000000000.0,0.9333333333333333,0,0.0,50000000.0,1500000.0,63000.0,63000000.0,560000000.0,624500000.0,674500000.0
6,21000.0,2042,3200000000.0,4,1,0,4,4000000000.0,0.8,0,0.0,0.0,2000000.0,84000.0,84000000.0,640000000.0,726000000.0,726000000.0
6,21000.0,2043,3600000000.0,4,0,0,4,4000000000.0,0.9,2,0.0,100000000.0,2000000.0,84000.0,84000000.0,720000000.0,806000000.0,906000000.0
6,21000.0,2044,4000000000.0,4,0,0,4,4000000000.0,1.0,0,0.0,100000000.0,2000000.0,84000.0,84000000.0,800000000.0,886000000.0,986000000.0
6,21000.0,2045,4400000000.0,5,2,1,5,5000000000.0,0.88,2,0.0,100000000.0,2500000.0,105000.0,105000000.0,880000000.0,987500000.0,1087500000.0
6,21000.0,2046,4800000000.0,5,0,0,5,5000000000.0,0.96,0,0.0,100000000.0,2500000.0,105000.0,105000000.0,960000000.0,1067500000.0,1167500000.0
6,21000.0,2047,5200000000.0,6,2,1,6,6000000000.0,0.8666666666666667,0,0.0,0.0,3000000.0,126000.0,126000000.0,1040000000.0,1169000000.0,1169000000.0
6,21000.0,2048,5600000000.0,6,0,0,6,6000000000.0,0.9333333333333333,2,0.0,100000000.0,3000000.0,126000.0,126000000.0,1120000000.0,1249000000.0,1349000000.0
6,21000.0,2049,6000000000.0,6,0,0,6,6000000000.0,1.0,0,0.0,100000000.0,3000000.0,126000.0,126000000.0,1200000000.0,1329000000.0,1429000000.0
6,21000.0,2050,6400000000.0,7,2,1,7,7000000000.0,0.9142857142857143,2,0.0,100000000.0,3500000.0,147000.0,147000000.0,1280000000.0,1430500000.0,1530500000.0
6,21000.0,2051,6800000000.0,7,0,0,7,7000000000.0,0.9714285714285714,0,0.0,100000000.0,3500000.0,147000.0,147000000.0,1360000000.0,1510500000.0,1610500000.0
6,21000.0,2052,7200000000.0,8,2,1,8,8000000000.0,0.9,0,0.0,0.0,4000000.0,168000.0,168000000.0,1440000000.0,1612000000.0,1612000000.0
6,21000.0,2053,7600000000.0,8,0,0,8,8000000000.0,0.95,3,0.0,150000000.0,4000000.0,168000.0,168000000.0,1520000000.0,1692000000.0,1842000000.0
6,21000.0,2054,8000000000.0,8,0,0,8,8000000000.0,1.0,0,0.0,150000000.0,4000000.0,168000.0,168000000.0,1600000000.0,1772000000.0,1922000000.0
6,21000.0,2055,8400000000.0,9,3,2,9,9000000000.0,0.9333333333333333,3,0.0,150000000.0,4500000.0,189000.0,189000000.0,1680000000.0,1873500000.0,2023500000.0
6,21000.0,2056,8800000000.0,9,0,0,9,9000000000.0,0.9777777777777777,0,0.0,150000000.0,4500000.0,189000.0,189000000.0,1760000000.0,1953500000.0,2103500000.0
6,21000.0,2057,9200000000.0,10,3,2,10,10000000000.0,0.92,0,0.0,0.0,5000000.0,210000.0,210000000.0,1840000000.0,2055000000.0,2055000000.0
6,21000.0,2058,9600000000.0,10,0,0,10,10000000000.0,0.96,3,0.0,150000000.0,5000000.0,210000.0,210000000.0,1920000000.0,2135000000.0,2285000000.0
6,21000.0,2059,10000000000.0,10,0,0,10,10000000000.0,1.0,0,0.0,150000000.0,5000000.0,210000.0,210000000.0,2000000000.0,2215000000.0,2365000000.0
6,21000.0,2060,10400000000.0,11,3,2,11,11000000000.0,0.9454545454545454,3,0.0,150000000.0,5500000.0,231000.0,231000000.0,2080000000.0,2316500000.0,2466500000.0
6,21000.0,2061,10800000000.0,11,0,0,11,11000000000.0,0.9818181818181818,0,0.0,150000000.0,5500000.0,231000.0,231000000.0,2160000000.0,2396500000.0,2546500000.0
6,21000.0,2062,11200000000.0,12,3,2,12,12000000000.0,0.9333333333333333,0,0.0,0.0,6000000.0,252000.0,252000000.0,2240000000.0,2498000000.0,2498000000.0
6,21000.0,2063,11600000000.0,12,0,0,12,12000000000.0,0.9666666666666667,4,0.0,200000000.0,6000000.0,252000.0,252000000.0,2320000000.0,2578000000.0,2778000000.0
6,21000.0,2064,12000000000.0,12,0,0,12,12000000000.0,1.0,0,0.0,200000000.0,6000000.0,252000.0,252000000.0,2400000000.0,2658000000.0,2858000000.0
6,21000.0,2065,12400000000.0,13,4,3,13,13000000000.0,0.9538461538461539,4,0.0,200000000.0,6500000.0,273000.0,273000000.0,2480000000.0,2759500000.0,2959500000.0
6,21000.0,2066,12800000000.0,13,0,0,13,13000000000.0,0.9846153846153847,0,0.0,200000000.0,6500000.0,273000.0,273000000.0,2560000000.0,2839500000.0,3039500000.0
6,21000.0,2067,13200000000.0,14,4,3,14,14000000000.0,0.9428571428571428,0,0.0,0.0,7000000.0,294000.0,294000000.0,2640000000.0,2941000000.0,2941000000.0
6,21000.0,2068,13600000000.0,14,0,0,14,14000000000.0,0.9714285714285714,0,0.0,0.0,7000000.0,294000.0,294000000.0,2720000000.0,3021000000.0,3021000000.0
6,21000.0,2069,14000000000.0,14,0,0,14,14000000000.0,1.0,0,0.0,0.0,7000000.0,294000.0,294000000.0,2800000000.0,3101000000.0,3101000000.0
7,22000.0,2028,0.0,0,0,0,0,0.0,,0,200000000.0,0.0,0.0,0.0,0.0,0.0,0.0,200000000.0
7,22000.0,2029,0.0,0,0,0,0,0.0,,0,200000000.0,0.0,0.0,0.0,0.0,0.0,0.0,200000000.0
7,22000.0,2030,0.0,0,0,0,0,0.0,,0,200000000.0,0.0,0.0,0.0,0.0,0.0,0.0,200000000.0
7,22000.0,2031,0.0,0,0,0,0,0.0,,0,200000000.0,0.0,0.0,0.0,0.0,0.0,0.0,200000000.0
7,22000.0,2032,0.0,0,0,0,0,0.0,,0,200000000.0,0.0,0.0,0.0,0.0,0.0,0.0,200000000.0
7,22000.0,2033,0.0,0,0,0,0,0.0,,1,0.0,50000000.0,0.0,0.0,0.0,0.0,0.0,50000000.0
7,22000.0,2034,0.0,0,0,0,0,0.0,,0,0.0,50000000.0,0.0,0.0,0.0,0.0,0.0,50000000.0
7,22000.0,2035,400000000.0,1,1,0,1,1000000000.0,0.4,1,0.0,50000000.0,500000.0,22000.0,22000000.0,80000000.0,102500000.0,152500000.0
7,22000.0,2036,800000000.0,1,0,0,1,1000000000.0,0.8,0,0.0,50000000.0,500000.0,22000.0,22000000.0,160000000.0,182500000.0,232500000.0
7,22000.0,2037,1200000000.0,2,1,0,2,2000000000.0,0.6,0,0.0,0.0,1000000.0,44000.0,44000000.0,240000000.0,285000000.0,285000000.0
7,22000.0,2038,1600000000.0,2,0,0,2,2000000000.0,0.8,1,0.0,50000000.0,1000000.0,44000.0,44000000.0,320000000.0,365000000.0,415000000.0
7,22000.0,2039,2000000000.0,2,0,0,2,2000000000.0,1.0,0,0.0,50000000.0,1000000.0,44000.0,44000000.0,400000000.0,445000000.0,495000000.0
7,22000.0,2040,2400000000.0,3,1,0,3,3000000000.0,0.8,1,0.0,50000000.0,1500000.0,66000.0,66000000.0,480000000.0,547500000.0,597500000.0
7,22000.0,2041,2800000000.0,3,0,0,3,3000000000.0,0.9333333333333333,0,0.0,50000000.0,1500000.0,66000.0,66000000.0,560000000.0,627500000.0,677500000.0
7,22000.0,2042,3200000000.0,4,1,0,4,4000000000.0,0.8,0,0.0,0.0,2000000.0,88000.0,88000000.0,640000000.0,730000000.0,730000000.0
7,22000.0,2043,3600000000.0,4,0,0,4,4000000000.0,0.9,2,0.0,100000000.0,2000000.0,88000.0,88000000.0,720000000.0,810000000.0,910000000.0
7,22000.0,2044,4000000000.0,4,0,0,4,4000000000.0,1.0,0,0.0,100000000.0,2000000.0,88000.0,88000000.0,800000000.0,890000000.0,990000000.0
7,22000.0,2045,4400000000.0,5,2,1,5,5000000000.0,0.88,2,0.0,100000000.0,2500000.0,110000.0,110000000.0,880000000.0,992500000.0,1092500000.0
7,22000.0,2046,4800000000.0,5,0,0,5,5000000000.0,0.96,0,0.0,100000000.0,2500000.0,110000.0,110000000.0,960000000.0,1072500000.0,1172500000.0
7,22000.0,2047,5200000000.0,6,2,1,6,6000000000.0,0.8666666666666667,0,0.0,0.0,3000000.0,132000.0,132000000.0,1040000000.0,1175000000.0,1175000000.0
7,22000.0,2048,5600000000.0,6,0,0,6,6000000000.0,0.9333333333333333,2,0.0,100000000.0,3000000.0,132000.0,132000000.0,1120000000.0,1255000000.0,1355000000.0
7,22000.0,2049,6000000000.0,6,0,0,6,6000000000.0,1.0,0,0.0,100000000.0,3000000.0,132000.0,132000000.0,1200000000.0,1335000000.0,1435000000.0
7,22000.0,2050,6400000000.0,7,2,1,7,7000000000.0,0.9142857142857143,2,0.0,100000000.0,3500000.0,154000.0,154000000.0,1280000000.0,1437500000.0,1537500000.0
7,22000.0,2051,6800000000.0,7,0,0,7,7000000000.0,0.9714285714285714,0,0.0,100000000.0,3500000.0,154000.0,154000000.0,1360000000.0,1517500000.0,1617500000.0
7,22000.0,2052,7200000000.0,8,2,1,8,8000000000.0,0.9,0,0.0,0.0,4000000.0,176000.0,176000000.0,1440000000.0,1620000000.0,1620000000.0
7,22000.0,2053,7600000000.0,8,0,0,8,8000000000.0,0.95,3,0.0,150000000.0,4000000.0,176000.0,176000000.0,1520000000.0,1700000000.0,1850000000.0
7,22000.0,2054,8000000000.0,8,0,0,8,8000000000.0,1.0,0,0.0,150000000.0,4000000.0,176000.0,176000000.0,1600000000.0,1780000000.0,1930000000.0
7,22000.0,2055,8400000000.0,9,3,2,9,9000000000.0,0.9333333333333333,3,0.0,150000000.0,4500000.0,198000.0,198000000.0,1680000000.0,1882500000.0,2032500000.0
7,22000.0,2056,8800000000.0,9,0,0,9,9000000000.0,0.9777777777777777,0,0.0,150000000.0,4500000.0,198000.0,198000000.0,1760000000.0,1962500000.0,2112500000.0
7,22000.0,2057,9200000000.0,10,3,2,10,10000000000.0,0.92,0,0.0,0.0,5000000.0,220000.0,220000000.0,1840000000.0,2065000000.0,2065000000.0
7,22000.0,2058,9600000000.0,10,0,0,10,10000000000.0,0.96,3,0.0,150000000.0,5000000.0,220000.0,220000000.0,1920000000.0,2145000000.0,2295000000.0
7,22000.0,2059,10000000000.0,10,0,0,10,10000000000.0,1.0,0,0.0,150000000.0,5000000.0,220000.0,220000000.0,2000000000.0,2225000000.0,2375000000.0
7,22000.0,2060,10400000000.0,11,3,2,11,11000000000.0,0.9454545454545454,3,0.0,150000000.0,5500000.0,242000.0,242000000.0,2080000000.0,2327500000.0,2477500000.0
7,22000.0,2061,10800000000.0,11,0,0,11,11000000000.0,0.9818181818181818,0,0.0,150000000.0,5500000.0,242000.0,242000000.0,2160000000.0,2407500000.0,2557500000.0
7,22000.0,2062,11200000000.0,12,3,2,12,12000000000.0,0.9333333333333333,0,0.0,0.0,6000000.0,264000.0,264000000.0,2240000000.0,2510000000.0,2510000000.0
7,22000.0,2063,11600000000.0,12,0,0,12,12000000000.0,0.9666666666666667,4,0.0,200000000.0,6000000.0,264000.0,264000000.0,2320000000.0,2590000000.0,2790000000.0
7,22000.0,2064,12000000000.0,12,0,0,12,12000000000.0,1.0,0,0.0,200000000.0,6000000.0,264000.0,264000000.0,2400000000.0,2670000000.0,2870000000.0
7,22000.0,2065,12400000000.0,13,4,3,13,13000000000.0,0.9538461538461539,4,0.0,200000000.0,6500000.0,286000.0,286000000.0,2480000000.0,2772500000.0,2972500000.0
7,22000.0,2066,12800000000.0,13,0,0,13,13000000000.0,0.9846153846153847,0,0.0,200000000.0,6500000.0,286000.0,286000000.0,2560000000.0,2852500000.0,3052500000.0
7,22000.0,2067,13200000000.0,14,4,3,14,14000000000.0,0.9428571428571428,0,0.0,0.0,7000000.0,308000.0,308000000.0,2640000000.0,2955000000.0,2955000000.0
7,22000.0,2068,13600000000.0,14,0,0,14,14000000000.0,0.9714285714285714,0,0.0,0.0,7000000.0,308000.0,308000000.0,2720000000.0,3035000000.0,3035000000.0
7,22000.0,2069,14000000000.0,14,0,0,14,14000000000.0,1.0,0,0.0,0.0,7000000.0,308000.0,308000000.0,2800000000.0,3115000000.0,3115000000.0
8,23000.0,2028,0.0,0,0,0,0,0.0,,0,200000000.0,0.0,0.0,0.0,0.0,0.0,0.0,200000000.0
8,23000.0,2029,0.0,0,0,0,0,0.0,,0,200000000.0,0.0,0.0,0.0,0.0,0.0,0.0,200000000.0
8,23000.0,2030,0.0,0,0,0,0,0.0,,0,200000000.0,0.0,0.0,0.0,0.0,0.0,0.0,200000000.0
8,23000.0,2031,0.0,0,0,0,0,0.0,,0,200000000.0,0.0,0.0,0.0,0.0,0.0,0.0,200000000.0
8,23000.0,2032,0.0,0,0,0,0,0.0,,0,200000000.0,0.0,0.0,0.0,0.0,0.0,0.0,200000000.0
8,23000.0,2033,0.0,0,0,0,0,0.0,,1,0.0,50000000.0,0.0,0.0,0.0,0.0,0.0,50000000.0
8,23000.0,2034,0.0,0,0,0,0,0.0,,0,0.0,50000000.0,0.0,0.0,0.0,0.0,0.0,50000000.0
8,23000.0,2035,400000000.0,1,1,0,1,1000000000.0,0.4,1,0.0,50000000.0,500000.0,23000.0,23000000.0,80000000.0,103500000.0,153500000.0
8,23000.0,2036,800000000.0,1,0,0,1,1000000000.0,0.8,0,0.0,50000000.0,500000.0,23000.0,23000000.0,160000000.0,183500000.0,233500000.0
8,23000.0,2037,1200000000.0,2,1,0,2,2000000000.0,0.6,0,0.0,0.0,1000000.0,46000.0,46000000.0,240000000.0,287000000.0,287000000.0
8,23000.0,2038,1600000000.0,2,0,0,2,2000000000.0,0.8,1,0.0,50000000.0,1000000.0,46000.0,46000000.0,320000000.0,367000000.0,417000000.0
8,23000.0,2039,2000000000.0,2,0,0,2,2000000000.0,1.0,0,0.0,50000000.0,1000000.0,46000.0,46000000.0,400000000.0,447000000.0,497000000.0
8,23000.0,2040,2400000000.0,3,1,0,3,3000000000.0,0.8,1,0.0,50000000.0,1500000.0,69000.0,69000000.0,480000000.0,550500000.0,600500000.0
8,23000.0,2041,2800000000.0,3,0,0,3,3000000000.0,0.9333333333333333,0,0.0,50000000.0,1500000.0,69000.0,69000000.0,560000000.0,630500000.0,680500000.0
8,23000.0,2042,3200000000.0,4,1,0,4,4000000000.0,0.8,0,0.0,0.0,2000000.0,92000.0,92000000.0,640000000.0,734000000.0,734000000.0
8,23000.0,2043,3600000000.0,4,0,0,4,4000000000.0,0.9,2,0.0,100000000.0,2000000.0,92000.0,92000000.0,720000000.0,814000000.0,914000000.0
8,23000.0,2044,4000000000.0,4,0,0,4,4000000000.0,1.0,0,0.0,100000000.0,2000000.0,92000.0,92000000.0,800000000.0,894000000.0,994000000.0
8,23000.0,2045,4400000000.0,5,2,1,5,5000000000.0,0.88,2,0.0,100000000.0,2500000.0,115000.0,115000000.0,880000000.0,997500000.0,1097500000.0
8,23000.0,2046,4800000000.0,5,0,0,5,5000000000.0,0.96,0,0.0,100000000.0,2500000.0,115000.0,115000000.0,960000000.0,1077500000.0,1177500000.0
8,23000.0,2047,5200000000.0,6,2,1,6,6000000000.0,0.8666666666666667,0,0.0,0.0,3000000.0,138000.0,138000000.0,1040000000.0,1181000000.0,1181000000.0
8,23000.0,2048,5600000000.0,6,0,0,6,6000000000.0,0.9333333333333333,2,0.0,100000000.0,3000000.0,138000.0,138000000.0,1120000000.0,1261000000.0,1361000000.0
8,23000.0,2049,6000000000.0,6,0,0,6,6000000000.0,1.0,0,0.0,100000000.0,3000000.0,138000.0,138000000.0,1200000000.0,1341000000.0,1441000000.0
8,23000.0,2050,6400000000.0,7,2,1,7,7000000000.0,0.9142857142857143,2,0.0,100000000.0,3500000.0,161000.0,161000000.0,1280000000.0,1444500000.0,1544500000.0
8,23000.0,2051,6800000000.0,7,0,0,7,7000000000.0,0.9714285714285714,0,0.0,100000000.0,3500000.0,161000.0,161000000.0,1360000000.0,1524500000.0,1624500000.0
8,23000.0,2052,7200000000.0,8,2,1,8,8000000000.0,0.9,0,0.0,0.0,4000000.0,184000.0,184000000.0,1440000000.0,1628000000.0,1628000000.0
8,23000.0,2053,7600000000.0,8,0,0,8,8000000000.0,0.95,3,0.0,150000000.0,4000000.0,184000.0,184000000.0,1520000000.0,1708000000.0,1858000000.0
8,23000.0,2054,8000000000.0,8,0,0,8,8000000000.0,1.0,0,0.0,150000000.0,4000000.0,184000.0,184000000.0,1600000000.0,1788000000.0,1938000000.0
8,23000.0,2055,8400000000.0,9,3,2,9,9000000000.0,0.9333333333333333,3,0.0,150000000.0,4500000.0,207000.0,207000000.0,1680000000.0,1891500000.0,2041500000.0
8,23000.0,2056,8800000000.0,9,0,0,9,9000000000.0,0.9777777777777777,0,0.0,150000000.0,4500000.0,207000.0,207000000.0,1760000000.0,1971500000.0,2121500000.0
8,23000.0,2057,9200000000.0,10,3,2,10,10000000000.0,0.92,0,0.0,0.0,5000000.0,230000.0,230000000.0,1840000000.0,2075000000.0,2075000000.0
8,23000.0,2058,9600000000.0,10,0,0,10,10000000000.0,0.96,3,0.0,150000000.0,5000000.0,230000.0,230000000.0,1920000000.0,2155000000.0,2305000000.0
8,23000.0,2059,10000000000.0,10,0,0,10,10000000000.0,1.0,0,0.0,150000000.0,5000000.0,230000.0,230000000.0,2000000000.0,2235000000.0,2385000000.0
8,23000.0,2060,10400000000.0,11,3,2,11,11000000000.0,0.9454545454545454,3,0.0,150000000.0,5500000.0,253000.0,253000000.0,2080000000.0,2338500000.0,2488500000.0
8,23000.0,2061,10800000000.0,11,0,0,11,11000000000.0,0.9818181818181818,0,0.0,150000000.0,5500000.0,253000.0,253000000.0,2160000000.0,2418500000.0,2568500000.0
8,23000.0,2062,11200000000.0,12,3,2,12,12000000000.0,0.9333333333333333,0,0.0,0.0,6000000.0,276000.0,276000000.0,2240000000.0,2522000000.0,2522000000.0
8,23000.0,2063,11600000000.0,12,0,0,12,12000000000.0,0.9666666666666667,4,0.0,200000000.0,6000000.0,276000.0,276000000.0,2320000000.0,2602000000.0,2802000000.0
8,23000.0,2064,12000000000.0,12,0,0,12,12000000000.0,1.0,0,0.0,200000000.0,6000000.0,276000.0,276000000.0,2400000000.0,2682000000.0,2882000000.0
8,23000.0,2065,12400000000.0,13,4,3,13,13000000000.0,0.9538461538461539,4,0.0,200000000.0,6500000.0,299000.0,299000000.0,2480000000.0,2785500000.0,2985500000.0
8,23000.0,2066,12800000000.0,13,0,0,13,13000000000.0,0.9846153846153847,0,0.0,200000000.0,6500000.0,299000.0,299000000.0,2560000000.0,2865500000.0,3065500000.0
8,23000.0,2067,13200000000.0,14,4,3,14,14000000000.0,0.9428571428571428,0,0.0,0.0,7000000.0,322000.0,322000000.0,2640000000.0,2969000000.0,2969000000.0
8,23000.0,2068,13600000000.0,14,0,0,14,14000000000.0,0.9714285714285714,0,0.0,0.0,7000000.0,322000.0,322000000.0,2720000000.0,3049000000.0,3049000000.0
8,23000.0,2069,14000000000.0,14,0,0,14,14000000000.0,1.0,0,0.0,0.0,7000000.0,322000.0,322000000.0,2800000000.0,3129000000.0,3129000000.0
9,24000.0,2028,0.0,0,0,0,0,0.0,,0,200000000.0,0.0,0.0,0.0,0.0,0.0,0.0,200000000.0
9,24000.0,2029,0.0,0,0,0,0,0.0,,0,200000000.0,0.0,0.0,0.0,0.0,0.0,0.0,200000000.0
9,24000.0,2030,0.0,0,0,0,0,0.0,,0,200000000.0,0.0,0.0,0.0,0.0,0.0,0.0,200000000.0
9,24000.0,2031,0.0,0,0,0,0,0.0,,0,200000000.0,0.0,0.0,0.0,0.0,0.0,0.0,200000000.0
9,24000.0,2032,0.0,0,0,0,0,0.0,,0,200000000.0,0.0,0.0,0.0,0.0,0.0,0.0,200000000.0
9,24000.0,2033,0.0,0,0,0,0,0.0,,1,0.0,50000000.0,0.0,0.0,0.0,0.0,0.0,50000000.0
9,24000.0,2034,0.0,0,0,0,0,0.0,,0,0.0,50000000.0,0.0,0.0,0.0,0.0,0.0,50000000.0
9,24000.0,2035,400000000.0,1,1,0,1,1000000000.0,0.4,1,0.0,50000000.0,500000.0,24000.0,24000000.0,80000000.0,104500000.0,154500000.0
9,24000.0,2036,800000000.0,1,0,0,1,1000000000.0,0.8,0,0.0,50000000.0,500000.0,24000.0,24000000.0,160000000.0,184500000.0,234500000.0
9,24000.0,2037,1200000000.0,2,1,0,2,2000000000.0,0.6,0,0.0,0.0,1000000.0,48000.0,48000000.0,240000000.0,289000000.0,289000000.0
9,24000.0,2038,1600000000.0,2,0,0,2,2000000000.0,0.8,1,0.0,50000000.0,1000000.0,48000.0,48000000.0,320000000.0,369000000.0,419000000.0
9,24000.0,2039,2000000000.0,2,0,0,2,2000000000.0,1.0,0,0.0,50000000.0,1000000.0,48000.0,48000000.0,400000000.0,449000000.0,499000000.0
9,24000.0,2040,2400000000.0,3,1,0,3,3000000000.0,0.8,1,0.0,50000000.0,1500000.0,72000.0,72000000.0,480000000.0,553500000.0,603500000.0
9,24000.0,2041,2800000000.0,3,0,0,3,3000000000.0,0.9333333333333333,0,0.0,50000000.0,1500000.0,72000.0,72000000.0,560000000.0,633500000.0,683500000.0
9,24000.0,2042,3200000000.0,4,1,0,4,4000000000.0,0.8,0,0.0,0.0,2000000.0,96000.0,96000000.0,640000000.0,738000000.0,738000000.0
9,24000.0,2043,3600000000.0,4,0,0,4,4000000000.0,0.9,2,0.0,100000000.0,2000000.0,96000.0,96000000.0,720000000.0,818000000.0,918000000.0
9,24000.0,2044,4000000000.0,4,0,0,4,4000000000.0,1.0,0,0.0,100000000.0,2000000.0,96000.0,96000000.0,800000000.0,898000000.0,998000000.0
9,24000.0,2045,4400000000.0,5,2,1,5,5000000000.0,0.88,2,0.0,100000000.0,2500000.0,120000.0,120000000.0,880000000.0,1002500000.0,1102500000.0
9,24000.0,2046,4800000000.0,5,0,0,5,5000000000.0,0.96,0,0.0,100000000.0,2500000.0,120000.0,120000000.0,960000000.0,1082500000.0,1182500000.0
9,24000.0,2047,5200000000.0,6,2,1,6,6000000000.0,0.8666666666666667,0,0.0,0.0,3000000.0,144000.0,144000000.0,1040000000.0,1187000000.0,1187000000.0
9,24000.0,2048,5600000000.0,6,0,0,6,6000000000.0,0.9333333333333333,2,0.0,100000000.0,3000000.0,144000.0,144000000.0,1120000000.0,1267000000.0,1367000000.0
9,24000.0,2049,6000000000.0,6,0,0,6,6000000000.0,1.0,0,0.0,100000000.0,3000000.0,144000.0,144000000.0,1200000000.0,1347000000.0,1447000000.0
9,24000.0,2050,6400000000.0,7,2,1,7,7000000000.0,0.9142857142857143,2,0.0,100000000.0,3500000.0,168000.0,168000000.0,1280000000.0,1451500000.0,1551500000.0
9,24000.0,2051,6800000000.0,7,0,0,7,7000000000.0,0.9714285714285714,0,0.0,100000000.0,3500000.0,168000.0,168000000.0,1360000000.0,1531500000.0,1631500000.0
9,24000.0,2052,7200000000.0,8,2,1,8,8000000000.0,0.9,0,0.0,0.0,4000000.0,192000.0,192000000.0,1440000000.0,1636000000.0,1636000000.0
9,24000.0,2053,7600000000.0,8,0,0,8,8000000000.0,0.95,3,0.0,150000000.0,4000000.0,192000.0,192000000.0,1520000000.0,1716000000.0,1866000000.0
9,24000.0,2054,8000000000.0,8,0,0,8,8000000000.0,1.0,0,0.0,150000000.0,4000000.0,192000.0,192000000.0,1600000000.0,1796000000.0,1946000000.0
9,24000.0,2055,8400000000.0,9,3,2,9,9000000000.0,0.9333333333333333,3,0.0,150000000.0,4500000.0,216000.0,216000000.0,1680000000.0,1900500000.0,2050500000.0
9,24000.0,2056,8800000000.0,9,0,0,9,9000000000.0,0.9777777777777777,0,0.0,150000000.0,4500000.0,216000.0,216000000.0,1760000000.0,1980500000.0,2130500000.0
9,24000.0,2057,9200000000.0,10,3,2,10,10000000000.0,0.92,0,0.0,0.0,5000000.0,240000.0,240000000.0,1840000000.0,2085000000.0,2085000000.0
9,24000.0,2058,9600000000.0,10,0,0,10,10000000000.0,0.96,3,0.0,150000000.0,5000000.0,240000.0,240000000.0,1920000000.0,2165000000.0,2315000000.0
9,24000.0,2059,10000000000.0,10,0,0,10,10000000000.0,1.0,0,0.0,150000000.0,5000000.0,240000.0,240000000.0,2000000000.0,2245000000.0,2395000000.0
9,24000.0,2060,10400000000.0,11,3,2,11,11000000000.0,0.9454545454545454,3,0.0,150000000.0,5500000.0,264000.0,264000000.0,2080000000.0,2349500000.0,2499500000.0
9,24000.0,2061,10800000000.0,11,0,0,11,11000000000.0,0.9818181818181818,0,0.0,150000000.0,5500000.0,264000.0,264000000.0,2160000000.0,2429500000.0,2579500000.0
9,24000.0,2062,11200000000.0,12,3,2,12,12000000000.0,0.9333333333333333,0,0.0,0.0,6000000.0,288000.0,288000000.0,2240000000.0,2534000000.0,2534000000.0
9,24000.0,2063,11600000000.0,12,0,0,12,12000000000.0,0.9666666666666667,4,0.0,200000000.0,6000000.0,288000.0,288000000.0,2320000000.0,2614000000.0,2814000000.0
9,24000.0,2064,12000000000.0,12,0,0,12,12000000000.0,1.0,0,0.0,200000000.0,6000000.0,288000.0,288000000.0,2400000000.0,2694000000.0,2894000000.0
9,24000.0,2065,12400000000.0,13,4,3,13,13000000000.0,0.9538461538461539,4,0.0,200000000.0,6500000.0,312000.0,312000000.0,2480000000.0,2798500000.0,2998500000.0
9,24000.0,2066,12800000000.0,13,0,0,13,13000000000.0,0.9846153846153847,0,0.0,200000000.0,6500000.0,312000.0,312000000.0,2560000000.0,2878500000.0,3078500000.0
9,24000.0,2067,13200000000.0,14,4,3,14,14000000000.0,0.9428571428571428,0,0.0,0.0,7000000.0,336000.0,336000000.0,2640000000.0,2983000000.0,2983000000.0
9,24000.0,2068,13600000000.0,14,0,0,14,14000000000.0,0.9714285714285714,0,0.0,0.0,7000000.0,336000.0,336000000.0,2720000000.0,3063000000.0,3063000000.0
9,24000.0,2069,14000000000.0,14,0,0,14,14000000000.0,1.0,0,0.0,0.0,7000000.0,336000.0,336000000.0,2800000000.0,3143000000.0,3143000000.0
10,25000.0,2028,0.0,0,0,0,0,0.0,,0,200000000.0,0.0,0.0,0.0,0.0,0.0,0.0,200000000.0
10,25000.0,2029,0.0,0,0,0,0,0.0,,0,200000000.0,0.0,0.0,0.0,0.0,0.0,0.0,200000000.0
10,25000.0,2030,0.0,0,0,0,0,0.0,,0,200000000.0,0.0,0.0,0.0,0.0,0.0,0.0,200000000.0
10,25000.0,2031,0.0,0,0,0,0,0.0,,0,200000000.0,0.0,0.0,0.0,0.0,0.0,0.0,200000000.0
10,25000.0,2032,0.0,0,0,0,0,0.0,,0,200000000.0,0.0,0.0,0.0,0.0,0.0,0.0,200000000.0
10,25000.0,2033,0.0,0,0,0,0,0.0,,1,0.0,50000000.0,0.0,0.0,0.0,0.0,0.0,50000000.0
10,25000.0,2034,0.0,0,0,0,0,0.0,,0,0.0,50000000.0,0.0,0.0,0.0,0.0,0.0,50000000.0
10,25000.0,2035,400000000.0,1,1,0,1,1000000000.0,0.4,1,0.0,50000000.0,500000.0,25000.0,25000000.0,80000000.0,105500000.0,155500000.0
10,25000.0,2036,800000000.0,1,0,0,1,1000000000.0,0.8,0,0.0,50000000.0,500000.0,25000.0,25000000.0,160000000.0,185500000.0,235500000.0
10,25000.0,2037,1200000000.0,2,1,0,2,2000000000.0,0.6,0,0.0,0.0,1000000.0,50000.0,50000000.0,240000000.0,291000000.0,291000000.0
10,25000.0,2038,1600000000.0,2,0,0,2,2000000000.0,0.8,1,0.0,50000000.0,1000000.0,50000.0,50000000.0,320000000.0,371000000.0,421000000.0
10,25000.0,2039,2000000000.0,2,0,0,2,2000000000.0,1.0,0,0.0,50000000.0,1000000.0,50000.0,50000000.0,400000000.0,451000000.0,501000000.0
10,25000.0,2040,2400000000.0,3,1,0,3,3000000000.0,0.8,1,0.0,50000000.0,1500000.0,75000.0,75000000.0,480000000.0,556500000.0,606500000.0
10,25000.0,2041,2800000000.0,3,0,0,3,3000000000.0,0.9333333333333333,0,0.0,50000000.0,1500000.0,75000.0,75000000.0,560000000.0,636500000.0,686500000.0
10,25000.0,2042,3200000000.0,4,1,0,4,4000000000.0,0.8,0,0.0,0.0,2000000.0,100000.0,100000000.0,640000000.0,742000000.0,742000000.0
10,25000.0,2043,3600000000.0,4,0,0,4,4000000000.0,0.9,2,0.0,100000000.0,2000000.0,100000.0,100000000.0,720000000.0,822000000.0,922000000.0
10,25000.0,2044,4000000000.0,4,0,0,4,4000000000.0,1.0,0,0.0,100000000.0,2000000.0,100000.0,100000000.0,800000000.0,902000000.0,1002000000.0
10,25000.0,2045,4400000000.0,5,2,1,5,5000000000.0,0.88,2,0.0,100000000.0,2500000.0,125000.0,125000000.0,880000000.0,1007500000.0,1107500000.0
10,25000.0,2046,4800000000.0,5,0,0,5,5000000000.0,0.96,0,0.0,100000000.0,2500000.0,125000.0,125000000.0,960000000.0,1087500000.0,1187500000.0
10,25000.0,2047,5200000000.0,6,2,1,6,6000000000.0,0.8666666666666667,0,0.0,0.0,3000000.0,150000.0,150000000.0,1040000000.0,1193000000.0,1193000000.0
10,25000.0,2048,5600000000.0,6,0,0,6,6000000000.0,0.9333333333333333,2,0.0,100000000.0,3000000.0,150000.0,150000000.0,1120000000.0,1273000000.0,1373000000.0
10,25000.0,2049,6000000000.0,6,0,0,6,6000000000.0,1.0,0,0.0,100000000.0,3000000.0,150000.0,150000000.0,1200000000.0,1353000000.0,1453000000.0
10,25000.0,2050,6400000000.0,7,2,1,7,7000000000.0,0.9142857142857143,2,0.0,100000000.0,3500000.0,175000.0,175000000.0,1280000000.0,1458500000.0,1558500000.0
10,25000.0,2051,6800000000.0,7,0,0,7,7000000000.0,0.9714285714285714,0,0.0,100000000.0,3500000.0,175000.0,175000000.0,1360000000.0,1538500000.0,1638500000.0
10,25000.0,2052,7200000000.0,8,2,1,8,8000000000.0,0.9,0,0.0,0.0,4000000.0,200000.0,200000000.0,1440000000.0,1644000000.0,1644000000.0
10,25000.0,2053,7600000000.0,8,0,0,8,8000000000.0,0.95,3,0.0,150000000.0,4000000.0,200000.0,200000000.0,1520000000.0,1724000000.0,1874000000.0
10,25000.0,2054,8000000000.0,8,0,0,8,8000000000.0,1.0,0,0.0,150000000.0,4000000.0,200000.0,200000000.0,1600000000.0,1804000000.0,1954000000.0
10,25000.0,2055,8400000000.0,9,3,2,9,9000000000.0,0.9333333333333333,3,0.0,150000000.0,4500000.0,225000.0,225000000.0,1680000000.0,1909500000.0,2059500000.0
10,25000.0,2056,8800000000.0,9,0,0,9,9000000000.0,0.9777777777777777,0,0.0,150000000.0,4500000.0,225000.0,225000000.0,1760000000.0,1989500000.0,2139500000.0
10,25000.0,2057,9200000000.0,10,3,2,10,10000000000.0,0.92,0,0.0,0.0,5000000.0,250000.0,250000000.0,1840000000.0,2095000000.0,2095000000.0
10,25000.0,2058,9600000000.0,10,0,0,10,10000000000.0,0.96,3,0.0,150000000.0,5000000.0,250000.0,250000000.0,1920000000.0,2175000000.0,2325000000.0
10,25000.0,2059,10000000000.0,10,0,0,10,10000000000.0,1.0,0,0.0,150000000.0,5000000.0,250000.0,250000000.0,2000000000.0,2255000000.0,2405000000.0
10,25000.0,2060,10400000000.0,11,3,2,11,11000000000.0,0.9454545454545454,3,0.0,150000000.0,5500000.0,275000.0,275000000.0,2080000000.0,2360500000.0,2510500000.0
10,25000.0,2061,10800000000.0,11,0,0,11,11000000000.0,0.9818181818181818,0,0.0,150000000.0,5500000.0,275000.0,275000000.0,2160000000.0,2440500000.0,2590500000.0
10,25000.0,2062,11200000000.0,12,3,2,12,12000000000.0,0.9333333333333333,0,0.0,0.0,6000000.0,300000.0,300000000.0,2240000000.0,2546000000.0,2546000000.0
10,25000.0,2063,11600000000.0,12,0,0,12,12000000000.0,0.9666666666666667,4,0.0,200000000.0,6000000.0,300000.0,300000000.0,2320000000.0,2626000000.0,2826000000.0
10,25000.0,2064,12000000000.0,12,0,0,12,12000000000.0,1.0,0,0.0,200000000.0,6000000.0,300000.0,300000000.0,2400000000.0,2706000000.0,2906000000.0
10,25000.0,2065,12400000000.0,13,4,3,13,13000000000.0,0.9538461538461539,4,0.0,200000000.0,6500000.0,325000.0,325000000.0,2480000000.0,2811500000.0,3011500000.0
10,25000.0,2066,12800000000.0,13,0,0,13,13000000000.0,0.9846153846153847,0,0.0,200000000.0,6500000.0,325000.0,325000000.0,2560000000.0,2891500000.0,3091500000.0
10,25000.0,2067,13200000000.0,14,4,3,14,14000000000.0,0.9428571428571428,0,0.0,0.0,7000000.0,350000.0,350000000.0,2640000000.0,2997000000.0,2997000000.0
10,25000.0,2068,13600000000.0,14,0,0,14,14000000000.0,0.9714285714285714,0,0.0,0.0,7000000.0,350000.0,350000000.0,2720000000.0,3077000000.0,3077000000.0
10,25000.0,2069,14000000000.0,14,0,0,14,14000000000.0,1.0,0,0.0,0.0,7000000.0,350000.0,350000000.0,2800000000.0,3157000000.0,3157000000.0
11,26000.0,2028,0.0,0,0,0,0,0.0,,0,200000000.0,0.0,0.0,0.0,0.0,0.0,0.0,200000000.0
11,26000.0,2029,0.0,0,0,0,0,0.0,,0,200000000.0,0.0,0.0,0.0,0.0,0.0,0.0,200000000.0
11,26000.0,2030,0.0,0,0,0,0,0.0,,0,200000000.0,0.0,0.0,0.0,0.0,0.0,0.0,200000000.0
11,26000.0,2031,0.0,0,0,0,0,0.0,,0,200000000.0,0.0,0.0,0.0,0.0,0.0,0.0,200000000.0
11,26000.0,2032,0.0,0,0,0,0,0.0,,0,200000000.0,0.0,0.0,0.0,0.0,0.0,0.0,200000000.0
11,26000.0,2033,0.0,0,0,0,0,0.0,,1,0.0,50000000.0,0.0,0.0,0.0,0.0,0.0,50000000.0
11,26000.0,2034,0.0,0,0,0,0,0.0,,0,0.0,50000000.0,0.0,0.0,0.0,0.0,0.0,50000000.0
11,26000.0,2035,400000000.0,1,1,0,1,1000000000.0,0.4,1,0.0,50000000.0,500000.0,26000.0,26000000.0,80000000.0,106500000.0,156500000.0
11,26000.0,2036,800000000.0,1,0,0,1,1000000000.0,0.8,0,0.0,50000000.0,500000.0,26000.0,26000000.0,160000000.0,186500000.0,236500000.0
11,26000.0,2037,1200000000.0,2,1,0,2,2000000000.0,0.6,0,0.0,0.0,1000000.0,52000.0,52000000.0,240000000.0,293000000.0,293000000.0
11,26000.0,2038,1600000000.0,2,0,0,2,2000000000.0,0.8,1,0.0,50000000.0,1000000.0,52000.0,52000000.0,320000000.0,373000000.0,423000000.0
11,26000.0,2039,2000000000.0,2,0,0,2,2000000000.0,1.0,0,0.0,50000000.0,1000000.0,52000.0,52000000.0,400000000.0,453000000.0,503000000.0
11,26000.0,2040,2400000000.0,3,1,0,3,3000000000.0,0.8,1,0.0,50000000.0,1500000.0,78000.0,78000000.0,480000000.0,559500000.0,609500000.0
11,26000.0,2041,2800000000.0,3,0,0,3,3000000000.0,0.9333333333333333,0,0.0,50000000.0,1500000.0,78000.0,78000000.0,560000000.0,639500000.0,689500000.0
11,26000.0,2042,3200000000.0,4,1,0,4,4000000000.0,0.8,0,0.0,0.0,2000000.0,104000.0,104000000.0,640000000.0,746000000.0,746000000.0
11,26000.0,2043,3600000000.0,4,0,0,4,4000000000.0,0.9,2,0.0,100000000.0,2000000.0,104000.0,104000000.0,720000000.0,826000000.0,926000000.0
11,26000.0,2044,4000000000.0,4,0,0,4,4000000000.0,1.0,0,0.0,100000000.0,2000000.0,104000.0,104000000.0,800000000.0,906000000.0,1006000000.0
11,26000.0,2045,4400000000.0,5,2,1,5,5000000000.0,0.88,2,0.0,100000000.0,2500000.0,130000.0,130000000.0,880000000.0,1012500000.0,1112500000.0
11,26000.0,2046,4800000000.0,5,0,0,5,5000000000.0,0.96,0,0.0,100000000.0,2500000.0,130000.0,130000000.0,960000000.0,1092500000.0,1192500000.0
11,26000.0,2047,5200000000.0,6,2,1,6,6000000000.0,0.8666666666666667,0,0.0,0.0,3000000.0,156000.0,156000000.0,1040000000.0,1199000000.0,1199000000.0
11,26000.0,2048,5600000000.0,6,0,0,6,6000000000.0,0.9333333333333333,2,0.0,100000000.0,3000000.0,156000.0,156000000.0,1120000000.0,1279000000.0,1379000000.0
11,26000.0,2049,6000000000.0,6,0,0,6,6000000000.0,1.0,0,0.0,100000000.0,3000000.0,156000.0,156000000.0,1200000000.0,1359000000.0,1459000000.0
11,26000.0,2050,6400000000.0,7,2,1,7,7000000000.0,0.9142857142857143,2,0.0,100000000.0,3500000.0,182000.0,182000000.0,1280000000.0,1465500000.0,1565500000.0
11,26000.0,2051,6800000000.0,7,0,0,7,7000000000.0,0.9714285714285714,0,0.0,100000000.0,3500000.0,182000.0,182000000.0,1360000000.0,1545500000.0,1645500000.0
11,26000.0,2052,7200000000.0,8,2,1,8,8000000000.0,0.9,0,0.0,0.0,4000000.0,208000.0,208000000.0,1440000000.0,1652000000.0,1652000000.0
11,26000.0,2053,7600000000.0,8,0,0,8,8000000000.0,0.95,3,0.0,150000000.0,4000000.0,208000.0,208000000.0,1520000000.0,1732000000.0,1882000000.0
11,26000.0,2054,8000000000.0,8,0,0,8,8000000000.0,1.0,0,0.0,150000000.0,4000000.0,208000.0,208000000.0,1600000000.0,1812000000.0,1962000000.0
11,26000.0,2055,8400000000.0,9,3,2,9,9000000000.0,0.9333333333333333,3,0.0,150000000.0,4500000.0,234000.0,234000000.0,1680000000.0,1918500000.0,2068500000.0
11,26000.0,2056,8800000000.0,9,0,0,9,9000000000.0,0.9777777777777777,0,0.0,150000000.0,4500000.0,234000.0,234000000.0,1760000000.0,1998500000.0,2148500000.0
11,26000.0,2057,9200000000.0,10,3,2,10,10000000000.0,0.92,0,0.0,0.0,5000000.0,260000.0,260000000.0,1840000000.0,2105000000.0,2105000000.0
11,26000.0,2058,9600000000.0,10,0,0,10,10000000000.0,0.96,3,0.0,150000000.0,5000000.0,260000.0,260000000.0,1920000000.0,2185000000.0,2335000000.0
11,26000.0,2059,10000000000.0,10,0,0,10,10000000000.0,1.0,0,0.0,150000000.0,5000000.0,260000.0,260000000.0,2000000000.0,2265000000.0,2415000000.0
11,26000.0,2060,10400000000.0,11,3,2,11,11000000000.0,0.9454545454545454,3,0.0,150000000.0,5500000.0,286000.0,286000000.0,2080000000.0,2371500000.0,2521500000.0
11,26000.0,2061,10800000000.0,11,0,0,11,11000000000.0,0.9818181818181818,0,0.0,150000000.0,5500000.0,286000.0,286000000.0,2160000000.0,2451500000.0,2601500000.0
11,26000.0,2062,11200000000.0,12,3,2,12,12000000000.0,0.9333333333333333,0,0.0,0.0,6000000.0,312000.0,312000000.0,2240000000.0,2558000000.0,2558000000.0
11,26000.0,2063,11600000000.0,12,0,0,12,12000000000.0,0.9666666666666667,4,0.0,200000000.0,6000000.0,312000.0,312000000.0,2320000000.0,2638000000.0,2838000000.0
11,26000.0,2064,12000000000.0,12,0,0,12,12000000000.0,1.0,0,0.0,200000000.0,6000000.0,312000.0,312000000.0,2400000000.0,2718000000.0,2918000000.0
11,26000.0,2065,12400000000.0,13,4,3,13,13000000000.0,0.9538461538461539,4,0.0,200000000.0,6500000.0,338000.0,338000000.0,2480000000.0,2824500000.0,3024500000.0
11,26000.0,2066,12800000000.0,13,0,0,13,13000000000.0,0.9846153846153847,0,0.0,200000000.0,6500000.0,338000.0,338000000.0,2560000000.0,2904500000.0,3104500000.0
11,26000.0,2067,13200000000.0,14,4,3,14,14000000000.0,0.9428571428571428,0,0.0,0.0,7000000.0,364000.0,364000000.0,2640000000.0,3011000000.0,3011000000.0
11,26000.0,2068,13600000000.0,14,0,0,14,14000000000.0,0.9714285714285714,0,0.0,0.0,7000000.0,364000.0,364000000.0,2720000000.0,3091000000.0,3091000000.0
11,26000.0,2069,14000000000.0,14,0,0,14,14000000000.0,1.0,0,0.0,0.0,7000000.0,364000.0,364000000.0,2800000000.0,3171000000.0,3171000000.0
12,27000.0,2028,0.0,0,0,0,0,0.0,,0,200000000.0,0.0,0.0,0.0,0.0,0.0,0.0,200000000.0
12,27000.0,2029,0.0,0,0,0,0,0.0,,0,200000000.0,0.0,0.0,0.0,0.0,0.0,0.0,200000000.0
12,27000.0,2030,0.0,0,0,0,0,0.0,,0,200000000.0,0.0,0.0,0.0,0.0,0.0,0.0,200000000.0
12,27000.0,2031,0.0,0,0,0,0,0.0,,0,200000000.0,0.0,0.0,0.0,0.0,0.0,0.0,200000000.0
12,27000.0,2032,0.0,0,0,0,0,0.0,,0,200000000.0,0.0,0.0,0.0,0.0,0.0,0.0,200000000.0
12,27000.0,2033,0.0,0,0,0,0,0.0,,1,0.0,50000000.0,0.0,0.0,0.0,0.0,0.0,50000000.0
12,27000.0,2034,0.0,0,0,0,0,0.0,,0,0.0,50000000.0,0.0,0.0,0.0,0.0,0.0,50000000.0
12,27000.0,2035,400000000.0,1,1,0,1,1000000000.0,0.4,1,0.0,50000000.0,500000.0,27000.0,27000000.0,80000000.0,107500000.0,157500000.0
12,27000.0,2036,800000000.0,1,0,0,1,1000000000.0,0.8,0,0.0,50000000.0,500000.0,27000.0,27000000.0,160000000.0,187500000.0,237500000.0
12,27000.0,2037,1200000000.0,2,1,0,2,2000000000.0,0.6,0,0.0,0.0,1000000.0,54000.0,54000000.0,240000000.0,295000000.0,295000000.0
12,27000.0,2038,1600000000.0,2,0,0,2,2000000000.0,0.8,1,0.0,50000000.0,1000000.0,54000.0,54000000.0,320000000.0,375000000.0,425000000.0
12,27000.0,2039,2000000000.0,2,0,0,2,2000000000.0,1.0,0,0.0,50000000.0,1000000.0,54000.0,54000000.0,400000000.0,455000000.0,505000000.0
12,27000.0,2040,2400000000.0,3,1,0,3,3000000000.0,0.8,1,0.0,50000000.0,1500000.0,81000.0,81000000.0,480000000.0,562500000.0,612500000.0
12,27000.0,2041,2800000000.0,3,0,0,3,3000000000.0,0.9333333333333333,0,0.0,50000000.0,1500000.0,81000.0,81000000.0,560000000.0,642500000.0,692500000.0
12,27000.0,2042,3200000000.0,4,1,0,4,4000000000.0,0.8,0,0.0,0.0,2000000.0,108000.0,108000000.0,640000000.0,750000000.0,750000000.0
12,27000.0,2043,3600000000.0,4,0,0,4,4000000000.0,0.9,2,0.0,100000000.0,2000000.0,108000.0,108000000.0,720000000.0,830000000.0,930000000.0
12,27000.0,2044,4000000000.0,4,0,0,4,4000000000.0,1.0,0,0.0,100000000.0,2000000.0,108000.0,108000000.0,800000000.0,910000000.0,1010000000.0
12,27000.0,2045,4400000000.0,5,2,1,5,5000000000.0,0.88,2,0.0,100000000.0,2500000.0,135000.0,135000000.0,880000000.0,1017500000.0,1117500000.0
12,27000.0,2046,4800000000.0,5,0,0,5,5000000000.0,0.96,0,0.0,100000000.0,2500000.0,135000.0,135000000.0,960000000.0,1097500000.0,1197500000.0
12,27000.0,2047,5200000000.0,6,2,1,6,6000000000.0,0.8666666666666667,0,0.0,0.0,3000000.0,162000.0,162000000.0,1040000000.0,1205000000.0,1205000000.0
12,27000.0,2048,5600000000.0,6,0,0,6,6000000000.0,0.9333333333333333,2,0.0,100000000.0,3000000.0,162000.0,162000000.0,1120000000.0,1285000000.0,1385000000.0
12,27000.0,2049,6000000000.0,6,0,0,6,6000000000.0,1.0,0,0.0,100000000.0,3000000.0,162000.0,162000000.0,1200000000.0,1365000000.0,1465000000.0
12,27000.0,2050,6400000000.0,7,2,1,7,7000000000.0,0.9142857142857143,2,0.0,100000000.0,3500000.0,189000.0,189000000.0,1280000000.0,1472500000.0,1572500000.0
12,27000.0,2051,6800000000.0,7,0,0,7,7000000000.0,0.9714285714285714,0,0.0,100000000.0,3500000.0,189000.0,189000000.0,1360000000.0,1552500000.0,1652500000.0
12,27000.0,2052,7200000000.0,8,2,1,8,8000000000.0,0.9,0,0.0,0.0,4000000.0,216000.0,216000000.0,1440000000.0,1660000000.0,1660000000.0
12,27000.0,2053,7600000000.0,8,0,0,8,8000000000.0,0.95,3,0.0,150000000.0,4000000.0,216000.0,216000000.0,1520000000.0,1740000000.0,1890000000.0
12,27000.0,2054,8000000000.0,8,0,0,8,8000000000.0,1.0,0,0.0,150000000.0,4000000.0,216000.0,216000000.0,1600000000.0,1820000000.0,1970000000.0
12,27000.0,2055,8400000000.0,9,3,2,9,9000000000.0,0.9333333333333333,3,0.0,150000000.0,4500000.0,243000.0,243000000.0,1680000000.0,1927500000.0,2077500000.0
12,27000.0,2056,8800000000.0,9,0,0,9,9000000000.0,0.9777777777777777,0,0.0,150000000.0,4500000.0,243000.0,243000000.0,1760000000.0,2007500000.0,2157500000.0
12,27000.0,2057,9200000000.0,10,3,2,10,10000000000.0,0.92,0,0.0,0.0,5000000.0,270000.0,270000000.0,1840000000.0,2115000000.0,2115000000.0
12,27000.0,2058,9600000000.0,10,0,0,10,10000000000.0,0.96,3,0.0,150000000.0,5000000.0,270000.0,270000000.0,1920000000.0,2195000000.0,2345000000.0
12,27000.0,2059,10000000000.0,10,0,0,10,10000000000.0,1.0,0,0.0,150000000.0,5000000.0,270000.0,270000000.0,2000000000.0,2275000000.0,2425000000.0
12,27000.0,2060,10400000000.0,11,3,2,11,11000000000.0,0.9454545454545454,3,0.0,150000000.0,5500000.0,297000.0,297000000.0,2080000000.0,2382500000.0,2532500000.0
12,27000.0,2061,10800000000.0,11,0,0,11,11000000000.0,0.9818181818181818,0,0.0,150000000.0,5500000.0,297000.0,297000000.0,2160000000.0,2462500000.0,2612500000.0
12,27000.0,2062,11200000000.0,12,3,2,12,12000000000.0,0.9333333333333333,0,0.0,0.0,6000000.0,324000.0,324000000.0,2240000000.0,2570000000.0,2570000000.0
12,27000.0,2063,11600000000.0,12,0,0,12,12000000000.0,0.9666666666666667,4,0.0,200000000.0,6000000.0,324000.0,324000000.0,2320000000.0,2650000000.0,2850000000.0
12,27000.0,2064,12000000000.0,12,0,0,12,12000000000.0,1.0,0,0.0,200000000.0,6000000.0,324000.0,324000000.0,2400000000.0,2730000000.0,2930000000.0
12,27000.0,2065,12400000000.0,13,4,3,13,13000000000.0,0.9538461538461539,4,0.0,200000000.0,6500000.0,351000.0,351000000.0,2480000000.0,2837500000.0,3037500000.0
12,27000.0,2066,12800000000.0,13,0,0,13,13000000000.0,0.9846153846153847,0,0.0,200000000.0,6500000.0,351000.0,351000000.0,2560000000.0,2917500000.0,3117500000.0
12,27000.0,2067,13200000000.0,14,4,3,14,14000000000.0,0.9428571428571428,0,0.0,0.0,7000000.0,378000.0,378000000.0,2640000000.0,3025000000.0,3025000000.0
12,27000.0,2068,13600000000.0,14,0,0,14,14000000000.0,0.9714285714285714,0,0.0,0.0,7000000.0,378000.0,378000000.0,2720000000.0,3105000000.0,3105000000.0
12,27000.0,2069,14000000000.0,14,0,0,14,14000000000.0,1.0,0,0.0,0.0,7000000.0,378000.0,378000000.0,2800000000.0,3185000000.0,3185000000.0
13,28000.0,2028,0.0,0,0,0,0,0.0,,0,200000000.0,0.0,0.0,0.0,0.0,0.0,0.0,200000000.0
13,28000.0,2029,0.0,0,0,0,0,0.0,,0,200000000.0,0.0,0.0,0.0,0.0,0.0,0.0,200000000.0
13,28000.0,2030,0.0,0,0,0,0,0.0,,0,200000000.0,0.0,0.0,0.0,0.0,0.0,0.0,200000000.0
13,28000.0,2031,0.0,0,0,0,0,0.0,,0,200000000.0,0.0,0.0,0.0,0.0,0.0,0.0,200000000.0
13,28000.0,2032,0.0,0,0,0,0,0.0,,0,200000000.0,0.0,0.0,0.0,0.0,0.0,0.0,200000000.0
13,28000.0,2033,0.0,0,0,0,0,0.0,,1,0.0,50000000.0,0.0,0.0,0.0,0.0,0.0,50000000.0
13,28000.0,2034,0.0,0,0,0,0,0.0,,0,0.0,50000000.0,0.0,0.0,0.0,0.0,0.0,50000000.0
13,28000.0,2035,400000000.0,1,1,0,1,1000000000.0,0.4,1,0.0,50000000.0,500000.0,28000.0,28000000.0,80000000.0,108500000.0,158500000.0
13,28000.0,2036,800000000.0,1,0,0,1,1000000000.0,0.8,0,0.0,50000000.0,500000.0,28000.0,28000000.0,160000000.0,188500000.0,238500000.0
13,28000.0,2037,1200000000.0,2,1,0,2,2000000000.0,0.6,0,0.0,0.0,1000000.0,56000.0,56000000.0,240000000.0,297000000.0,297000000.0
13,28000.0,2038,1600000000.0,2,0,0,2,2000000000.0,0.8,1,0.0,50000000.0,1000000.0,56000.0,56000000.0,320000000.0,377000000.0,427000000.0
13,28000.0,2039,2000000000.0,2,0,0,2,2000000000.0,1.0,0,0.0,50000000.0,1000000.0,56000.0,56000000.0,400000000.0,457000000.0,507000000.0
13,28000.0,2040,2400000000.0,3,1,0,3,3000000000.0,0.8,1,0.0,50000000.0,1500000.0,84000.0,84000000.0,480000000.0,565500000.0,615500000.0
13,28000.0,2041,2800000000.0,3,0,0,3,3000000000.0,0.9333333333333333,0,0.0,50000000.0,1500000.0,84000.0,84000000.0,560000000.0,645500000.0,695500000.0
13,28000.0,2042,3200000000.0,4,1,0,4,4000000000.0,0.8,0,0.0,0.0,2000000.0,112000.0,112000000.0,640000000.0,754000000.0,754000000.0
13,28000.0,2043,3600000000.0,4,0,0,4,4000000000.0,0.9,2,0.0,100000000.0,2000000.0,112000.0,112000000.0,720000000.0,834000000.0,934000000.0
13,28000.0,2044,4000000000.0,4,0,0,4,4000000000.0,1.0,0,0.0,100000000.0,2000000.0,112000.0,112000000.0,800000000.0,914000000.0,1014000000.0
13,28000.0,2045,4400000000.0,5,2,1,5,5000000000.0,0.88,2,0.0,100000000.0,2500000.0,140000.0,140000000.0,880000000.0,1022500000.0,1122500000.0
13,28000.0,2046,4800000000.0,5,0,0,5,5000000000.0,0.96,0,0.0,100000000.0,2500000.0,140000.0,140000000.0,960000000.0,1102500000.0,1202500000.0
13,28000.0,2047,5200000000.0,6,2,1,6,6000000000.0,0.8666666666666667,0,0.0,0.0,3000000.0,168000.0,168000000.0,1040000000.0,1211000000.0,1211000000.0
13,28000.0,2048,5600000000.0,6,0,0,6,6000000000.0,0.9333333333333333,2,0.0,100000000.0,3000000.0,168000.0,168000000.0,1120000000.0,1291000000.0,1391000000.0
13,28000.0,2049,6000000000.0,6,0,0,6,6000000000.0,1.0,0,0.0,100000000.0,3000000.0,168000.0,168000000.0,1200000000.0,1371000000.0,1471000000.0
13,28000.0,2050,6400000000.0,7,2,1,7,7000000000.0,0.9142857142857143,2,0.0,100000000.0,3500000.0,196000.0,196000000.0,1280000000.0,1479500000.0,1579500000.0
13,28000.0,2051,6800000000.0,7,0,0,7,7000000000.0,0.9714285714285714,0,0.0,100000000.0,3500000.0,196000.0,196000000.0,1360000000.0,1559500000.0,1659500000.0
13,28000.0,2052,7200000000.0,8,2,1,8,8000000000.0,0.9,0,0.0,0.0,4000000.0,224000.0,224000000.0,1440000000.0,1668000000.0,1668000000.0
13,28000.0,2053,7600000000.0,8,0,0,8,8000000000.0,0.95,3,0.0,150000000.0,4000000.0,224000.0,224000000.0,1520000000.0,1748000000.0,1898000000.0
13,28000.0,2054,8000000000.0,8,0,0,8,8000000000.0,1.0,0,0.0,150000000.0,4000000.0,224000.0,224000000.0,1600000000.0,1828000000.0,1978000000.0
13,28000.0,2055,8400000000.0,9,3,2,9,9000000000.0,0.9333333333333333,3,0.0,150000000.0,4500000.0,252000.0,252000000.0,1680000000.0,1936500000.0,2086500000.0
13,28000.0,2056,8800000000.0,9,0,0,9,9000000000.0,0.9777777777777777,0,0.0,150000000.0,4500000.0,252000.0,252000000.0,1760000000.0,2016500000.0,2166500000.0
13,28000.0,2057,9200000000.0,10,3,2,10,10000000000.0,0.92,0,0.0,0.0,5000000.0,280000.0,280000000.0,1840000000.0,2125000000.0,2125000000.0
13,28000.0,2058,9600000000.0,10,0,0,10,10000000000.0,0.96,3,0.0,150000000.0,5000000.0,280000.0,280000000.0,1920000000.0,2205000000.0,2355000000.0
13,28000.0,2059,10000000000.0,10,0,0,10,10000000000.0,1.0,0,0.0,150000000.0,5000000.0,280000.0,280000000.0,2000000000.0,2285000000.0,2435000000.0
13,28000.0,2060,10400000000.0,11,3,2,11,11000000000.0,0.9454545454545454,3,0.0,150000000.0,5500000.0,308000.0,308000000.0,2080000000.0,2393500000.0,2543500000.0
13,28000.0,2061,10800000000.0,11,0,0,11,11000000000.0,0.9818181818181818,0,0.0,150000000.0,5500000.0,308000.0,308000000.0,2160000000.0,2473500000.0,2623500000.0
13,28000.0,2062,11200000000.0,12,3,2,12,12000000000.0,0.9333333333333333,0,0.0,0.0,6000000.0,336000.0,336000000.0,2240000000.0,2582000000.0,2582000000.0
13,28000.0,2063,11600000000.0,12,0,0,12,12000000000.0,0.9666666666666667,4,0.0,200000000.0,6000000.0,336000.0,336000000.0,2320000000.0,2662000000.0,2862000000.0
13,28000.0,2064,12000000000.0,12,0,0,12,12000000000.0,1.0,0,0.0,200000000.0,6000000.0,336000.0,336000000.0,2400000000.0,2742000000.0,2942000000.0
13,28000.0,2065,12400000000.0,13,4,3,13,13000000000.0,0.9538461538461539,4,0.0,200000000.0,6500000.0,364000.0,364000000.0,2480000000.0,2850500000.0,3050500000.0
13,28000.0,2066,12800000000.0,13,0,0,13,13000000000.0,0.9846153846153847,0,0.0,200000000.0,6500000.0,364000.0,364000000.0,2560000000.0,2930500000.0,3130500000.0
13,28000.0,2067,13200000000.0,14,4,3,14,14000000000.0,0.9428571428571428,0,0.0,0.0,7000000.0,392000.0,392000000.0,2640000000.0,3039000000.0,3039000000.0
13,28000.0,2068,13600000000.0,14,0,0,14,14000000000.0,0.9714285714285714,0,0.0,0.0,7000000.0,392000.0,392000000.0,2720000000.0,3119000000.0,3119000000.0
13,28000.0,2069,14000000000.0,14,0,0,14,14000000000.0,1.0,0,0.0,0.0,7000000.0,392000.0,392000000.0,2800000000.0,3199000000.0,3199000000.0
14,29000.0,2028,0.0,0,0,0,0,0.0,,0,200000000.0,0.0,0.0,0.0,0.0,0.0,0.0,200000000.0
14,29000.0,2029,0.0,0,0,0,0,0.0,,0,200000000.0,0.0,0.0,0.0,0.0,0.0,0.0,200000000.0
14,29000.0,2030,0.0,0,0,0,0,0.0,,0,200000000.0,0.0,0.0,0.0,0.0,0.0,0.0,200000000.0
14,29000.0,2031,0.0,0,0,0,0,0.0,,0,200000000.0,0.0,0.0,0.0,0.0,0.0,0.0,200000000.0
14,29000.0,2032,0.0,0,0,0,0,0.0,,0,200000000.0,0.0,0.0,0.0,0.0,0.0,0.0,200000000.0
14,29000.0,2033,0.0,0,0,0,0,0.0,,1,0.0,50000000.0,0.0,0.0,0.0,0.0,0.0,50000000.0
14,29000.0,2034,0.0,0,0,0,0,0.0,,0,0.0,50000000.0,0.0,0.0,0.0,0.0,0.0,50000000.0
14,29000.0,2035,400000000.0,1,1,0,1,1000000000.0,0.4,1,0.0,50000000.0,500000.0,29000.0,29000000.0,80000000.0,109500000.0,159500000.0
14,29000.0,2036,800000000.0,1,0,0,1,1000000000.0,0.8,0,0.0,50000000.0,500000.0,29000.0,29000000.0,160000000.0,189500000.0,239500000.0
14,29000.0,2037,1200000000.0,2,1,0,2,2000000000.0,0.6,0,0.0,0.0,1000000.0,58000.0,58000000.0,240000000.0,299000000.0,299000000.0
14,29000.0,2038,1600000000.0,2,0,0,2,2000000000.0,0.8,1,0.0,50000000.0,1000000.0,58000.0,58000000.0,320000000.0,379000000.0,429000000.0
14,29000.0,2039,2000000000.0,2,0,0,2,2000000000.0,1.0,0,0.0,50000000.0,1000000.0,58000.0,58000000.0,400000000.0,459000000.0,509000000.0
14,29000.0,2040,2400000000.0,3,1,0,3,3000000000.0,0.8,1,0.0,50000000.0,1500000.0,87000.0,87000000.0,480000000.0,568500000.0,618500000.0
14,29000.0,2041,2800000000.0,3,0,0,3,3000000000.0,0.9333333333333333,0,0.0,50000000.0,1500000.0,87000.0,87000000.0,560000000.0,648500000.0,698500000.0
14,29000.0,2042,3200000000.0,4,1,0,4,4000000000.0,0.8,0,0.0,0.0,2000000.0,116000.0,116000000.0,640000000.0,758000000.0,758000000.0
14,29000.0,2043,3600000000.0,4,0,0,4,4000000000.0,0.9,2,0.0,100000000.0,2000000.0,116000.0,116000000.0,720000000.0,838000000.0,938000000.0
14,29000.0,2044,4000000000.0,4,0,0,4,4000000000.0,1.0,0,0.0,100000000.0,2000000.0,116000.0,116000000.0,800000000.0,918000000.0,1018000000.0
14,29000.0,2045,4400000000.0,5,2,1,5,5000000000.0,0.88,2,0.0,100000000.0,2500000.0,145000.0,145000000.0,880000000.0,1027500000.0,1127500000.0
14,29000.0,2046,4800000000.0,5,0,0,5,5000000000.0,0.96,0,0.0,100000000.0,2500000.0,145000.0,145000000.0,960000000.0,1107500000.0,1207500000.0
14,29000.0,2047,5200000000.0,6,2,1,6,6000000000.0,0.8666666666666667,0,0.0,0.0,3000000.0,174000.0,174000000.0,1040000000.0,1217000000.0,1217000000.0
14,29000.0,2048,5600000000.0,6,0,0,6,6000000000.0,0.9333333333333333,2,0.0,100000000.0,3000000.0,174000.0,174000000.0,1120000000.0,1297000000.0,1397000000.0
14,29000.0,2049,6000000000.0,6,0,0,6,6000000000.0,1.0,0,0.0,100000000.0,3000000.0,174000.0,174000000.0,1200000000.0,1377000000.0,1477000000.0
14,29000.0,2050,6400000000.0,7,2,1,7,7000000000.0,0.9142857142857143,2,0.0,100000000.0,3500000.0,203000.0,203000000.0,1280000000.0,1486500000.0,1586500000.0
14,29000.0,2051,6800000000.0,7,0,0,7,7000000000.0,0.9714285714285714,0,0.0,100000000.0,3500000.0,203000.0,203000000.0,1360000000.0,1566500000.0,1666500000.0
14,29000.0,2052,7200000000.0,8,2,1,8,8000000000.0,0.9,0,0.0,0.0,4000000.0,232000.0,232000000.0,1440000000.0,1676000000.0,1676000000.0
14,29000.0,2053,7600000000.0,8,0,0,8,8000000000.0,0.95,3,0.0,150000000.0,4000000.0,232000.0,232000000.0,1520000000.0,1756000000.0,1906000000.0
14,29000.0,2054,8000000000.0,8,0,0,8,8000000000.0,1.0,0,0.0,150000000.0,4000000.0,232000.0,232000000.0,1600000000.0,1836000000.0,1986000000.0
14,29000.0,2055,8400000000.0,9,3,2,9,9000000000.0,0.9333333333333333,3,0.0,150000000.0,4500000.0,261000.0,261000000.0,1680000000.0,1945500000.0,2095500000.0
14,29000.0,2056,8800000000.0,9,0,0,9,9000000000.0,0.9777777777777777,0,0.0,150000000.0,4500000.0,261000.0,261000000.0,1760000000.0,2025500000.0,2175500000.0
14,29000.0,2057,9200000000.0,10,3,2,10,10000000000.0,0.92,0,0.0,0.0,5000000.0,290000.0,290000000.0,1840000000.0,2135000000.0,2135000000.0
14,29000.0,2058,9600000000.0,10,0,0,10,10000000000.0,0.96,3,0.0,150000000.0,5000000.0,290000.0,290000000.0,1920000000.0,2215000000.0,2365000000.0
14,29000.0,2059,10000000000.0,10,0,0,10,10000000000.0,1.0,0,0.0,150000000.0,5000000.0,290000.0,290000000.0,2000000000.0,2295000000.0,2445000000.0
14,29000.0,2060,10400000000.0,11,3,2,11,11000000000.0,0.9454545454545454,3,0.0,150000000.0,5500000.0,319000.0,319000000.0,2080000000.0,2404500000.0,2554500000.0
14,29000.0,2061,10800000000.0,11,0,0,11,11000000000.0,0.9818181818181818,0,0.0,150000000.0,5500000.0,319000.0,319000000.0,2160000000.0,2484500000.0,2634500000.0
14,29000.0,2062,11200000000.0,12,3,2,12,12000000000.0,0.9333333333333333,0,0.0,0.0,6000000.0,348000.0,348000000.0,2240000000.0,2594000000.0,2594000000.0
14,29000.0,2063,11600000000.0,12,0,0,12,12000000000.0,0.9666666666666667,4,0.0,200000000.0,6000000.0,348000.0,348000000.0,2320000000.0,2674000000.0,2874000000.0
14,29000.0,2064,12000000000.0,12,0,0,12,12000000000.0,1.0,0,0.0,200000000.0,6000000.0,348000.0,348000000.0,2400000000.0,2754000000.0,2954000000.0
14,29000.0,2065,12400000000.0,13,4,3,13,13000000000.0,0.9538461538461539,4,0.0,200000000.0,6500000.0,377000.0,377000000.0,2480000000.0,2863500000.0,3063500000.0
14,29000.0,2066,12800000000.0,13,0,0,13,13000000000.0,0.9846153846153847,0,0.0,200000000.0,6500000.0,377000.0,377000000.0,2560000000.0,2943500000.0,3143500000.0
14,29000.0,2067,13200000000.0,14,4,3,14,14000000000.0,0.9428571428571428,0,0.0,0.0,7000000.0,406000.0,406000000.0,2640000000.0,3053000000.0,3053000000.0
14,29000.0,2068,13600000000.0,14,0,0,14,14000000000.0,0.9714285714285714,0,0.0,0.0,7000000.0,406000.0,406000000.0,2720000000.0,3133000000.0,3133000000.0
14,29000.0,2069,14000000000.0,14,0,0,14,14000000000.0,1.0,0,0.0,0.0,7000000.0,406000.0,406000000.0,2800000000.0,3213000000.0,3213000000.0
15,30000.0,2028,0.0,0,0,0,0,0.0,,0,200000000.0,0.0,0.0,0.0,0.0,0.0,0.0,200000000.0
15,30000.0,2029,0.0,0,0,0,0,0.0,,0,200000000.0,0.0,0.0,0.0,0.0,0.0,0.0,200000000.0
15,30000.0,2030,0.0,0,0,0,0,0.0,,0,200000000.0,0.0,0.0,0.0,0.0,0.0,0.0,200000000.0
15,30000.0,2031,0.0,0,0,0,0,0.0,,0,200000000.0,0.0,0.0,0.0,0.0,0.0,0.0,200000000.0
15,30000.0,2032,0.0,0,0,0,0,0.0,,0,200000000.0,0.0,0.0,0.0,0.0,0.0,0.0,200000000.0
15,30000.0,2033,0.0,0,0,0,0,0.0,,1,0.0,50000000.0,0.0,0.0,0.0,0.0,0.0,50000000.0
15,30000.0,2034,0.0,0,0,0,0,0.0,,0,0.0,50000000.0,0.0,0.0,0.0,0.0,0.0,50000000.0
15,30000.0,2035,400000000.0,1,1,0,1,1000000000.0,0.4,1,0.0,50000000.0,500000.0,30000.0,30000000.0,80000000.0,110500000.0,160500000.0
15,30000.0,2036,800000000.0,1,0,0,1,1000000000.0,0.8,0,0.0,50000000.0,500000.0,30000.0,30000000.0,160000000.0,190500000.0,240500000.0
15,30000.0,2037,1200000000.0,2,1,0,2,2000000000.0,0.6,0,0.0,0.0,1000000.0,60000.0,60000000.0,240000000.0,301000000.0,301000000.0
15,30000.0,2038,1600000000.0,2,0,0,2,2000000000.0,0.8,1,0.0,50000000.0,1000000.0,60000.0,60000000.0,320000000.0,381000000.0,431000000.0
15,30000.0,2039,2000000000.0,2,0,0,2,2000000000.0,1.0,0,0.0,50000000.0,1000000.0,60000.0,60000000.0,400000000.0,461000000.0,511000000.0
15,30000.0,2040,2400000000.0,3,1,0,3,3000000000.0,0.8,1,0.0,50000000.0,1500000.0,90000.0,90000000.0,480000000.0,571500000.0,621500000.0
15,30000.0,2041,2800000000.0,3,0,0,3,3000000000.0,0.9333333333333333,0,0.0,50000000.0,1500000.0,90000.0,90000000.0,560000000.0,651500000.0,701500000.0
15,30000.0,2042,3200000000.0,4,1,0,4,4000000000.0,0.8,0,0.0,0.0,2000000.0,120000.0,120000000.0,640000000.0,762000000.0,762000000.0
15,30000.0,2043,3600000000.0,4,0,0,4,4000000000.0,0.9,2,0.0,100000000.0,2000000.0,120000.0,120000000.0,720000000.0,842000000.0,942000000.0
15,30000.0,2044,4000000000.0,4,0,0,4,4000000000.0,1.0,0,0.0,100000000.0,2000000.0,120000.0,120000000.0,800000000.0,922000000.0,1022000000.0
15,30000.0,2045,4400000000.0,5,2,1,5,5000000000.0,0.88,2,0.0,100000000.0,2500000.0,150000.0,150000000.0,880000000.0,1032500000.0,1132500000.0
15,30000.0,2046,4800000000.0,5,0,0,5,5000000000.0,0.96,0,0.0,100000000.0,2500000.0,150000.0,150000000.0,960000000.0,1112500000.0,1212500000.0
15,30000.0,2047,5200000000.0,6,2,1,6,6000000000.0,0.8666666666666667,0,0.0,0.0,3000000.0,180000.0,180000000.0,1040000000.0,1223000000.0,1223000000.0
15,30000.0,2048,5600000000.0,6,0,0,6,6000000000.0,0.9333333333333333,2,0.0,100000000.0,3000000.0,180000.0,180000000.0,1120000000.0,1303000000.0,1403000000.0
15,30000.0,2049,6000000000.0,6,0,0,6,6000000000.0,1.0,0,0.0,100000000.0,3000000.0,180000.0,180000000.0,1200000000.0,1383000000.0,1483000000.0
15,30000.0,2050,6400000000.0,7,2,1,7,7000000000.0,0.9142857142857143,2,0.0,100000000.0,3500000.0,210000.0,210000000.0,1280000000.0,1493500000.0,1593500000.0
15,30000.0,2051,6800000000.0,7,0,0,7,7000000000.0,0.9714285714285714,0,0.0,100000000.0,3500000.0,210000.0,210000000.0,1360000000.0,1573500000.0,1673500000.0
15,30000.0,2052,7200000000.0,8,2,1,8,8000000000.0,0.9,0,0.0,0.0,4000000.0,240000.0,240000000.0,1440000000.0,1684000000.0,1684000000.0
15,30000.0,2053,7600000000.0,8,0,0,8,8000000000.0,0.95,3,0.0,150000000.0,4000000.0,240000.0,240000000.0,1520000000.0,1764000000.0,1914000000.0
15,30000.0,2054,8000000000.0,8,0,0,8,8000000000.0,1.0,0,0.0,150000000.0,4000000.0,240000.0,240000000.0,1600000000.0,1844000000.0,1994000000.0
15,30000.0,2055,8400000000.0,9,3,2,9,9000000000.0,0.9333333333333333,3,0.0,150000000.0,4500000.0,270000.0,270000000.0,1680000000.0,1954500000.0,2104500000.0
15,30000.0,2056,8800000000.0,9,0,0,9,9000000000.0,0.9777777777777777,0,0.0,150000000.0,4500000.0,270000.0,270000000.0,1760000000.0,2034500000.0,2184500000.0
15,30000.0,2057,9200000000.0,10,3,2,10,10000000000.0,0.92,0,0.0,0.0,5000000.0,300000.0,300000000.0,1840000000.0,2145000000.0,2145000000.0
15,30000.0,2058,9600000000.0,10,0,0,10,10000000000.0,0.96,3,0.0,150000000.0,5000000.0,300000.0,300000000.0,1920000000.0,2225000000.0,2375000000.0
15,30000.0,2059,10000000000.0,10,0,0,10,10000000000.0,1.0,0,0.0,150000000.0,5000000.0,300000.0,300000000.0,2000000000.0,2305000000.0,2455000000.0
15,30000.0,2060,10400000000.0,11,3,2,11,11000000000.0,0.9454545454545454,3,0.0,150000000.0,5500000.0,330000.0,330000000.0,2080000000.0,2415500000.0,2565500000.0
15,30000.0,2061,10800000000.0,11,0,0,11,11000000000.0,0.9818181818181818,0,0.0,150000000.0,5500000.0,330000.0,330000000.0,2160000000.0,2495500000.0,2645500000.0
15,30000.0,2062,11200000000.0,12,3,2,12,12000000000.0,0.9333333333333333,0,0.0,0.0,6000000.0,360000.0,360000000.0,2240000000.0,2606000000.0,2606000000.0
15,30000.0,2063,11600000000.0,12,0,0,12,12000000000.0,0.9666666666666667,4,0.0,200000000.0,6000000.0,360000.0,360000000.0,2320000000.0,2686000000.0,2886000000.0
15,30000.0,2064,12000000000.0,12,0,0,12,12000000000.0,1.0,0,0.0,200000000.0,6000000.0,360000.0,360000000.0,2400000000.0,2766000000.0,2966000000.0
15,30000.0,2065,12400000000.0,13,4,3,13,13000000000.0,0.9538461538461539,4,0.0,200000000.0,6500000.0,390000.0,390000000.0,2480000000.0,2876500000.0,3076500000.0
15,30000.0,2066,12800000000.0,13,0,0,13,13000000000.0,0.9846153846153847,0,0.0,200000000.0,6500000.0,390000.0,390000000.0,2560000000.0,2956500000.0,3156500000.0
15,30000.0,2067,13200000000.0,14,4,3,14,14000000000.0,0.9428571428571428,0,0.0,0.0,7000000.0,420000.0,420000000.0,2640000000.0,3067000000.0,3067000000.0
15,30000.0,2068,13600000000.0,14,0,0,14,14000000000.0,0.9714285714285714,0,0.0,0.0,7000000.0,420000.0,420000000.0,2720000000.0,3147000000.0,3147000000.0
15,30000.0,2069,14000000000.0,14,0,0,14,14000000000.0,1.0,0,0.0,0.0,7000000.0,420000.0,420000000.0,2800000000.0,3227000000.0,3227000000.0
